PLAYER,GP,MIN,PTS,FGM,FGA,FG%,3:00 PM,3PA,3P%,FTM,FTA,FT%,OREB,DREB,REB,AST,STL,BLK,TOV,EFF,SALARY,Player_Comp_Share,Season
a'ja wilson,40,31.2,23.4,8.3,16.5,50.5,0.6,1.5,42.4,6.2,7.3,85.5,2.3,7.9,10.2,3.1,1.6,2.3,2.2,29.2,200000,0.002150537634,2025
napheesa collier,33,32.3,22.9,8.3,15.7,53.1,1.5,3.8,40.3,4.7,5.2,90.6,1.9,5.4,7.3,3.2,1.6,1.5,2.1,26.5,214284,0.002304129032,2025
kelsey mitchell,44,31.4,20.2,7.2,15.7,45.6,2.5,6.4,39.4,3.4,4.3,78.4,0.4,1.3,1.8,3.4,0.9,0.2,1.8,15.2,269244,0.002895096774,2025
kelsey plum,43,35.1,19.5,6.1,14.4,42.2,2.3,6.5,35.5,5.1,5.7,89.3,0.2,2.8,3.1,5.7,1.2,0.1,3,17.7,202000,0.002172043011,2025
paige bueckers,36,33.3,19.2,7.2,15.1,47.7,1.1,3.3,33.1,3.8,4.2,88.8,0.7,3.3,3.9,5.4,1.6,0.5,2,20.3,78831,0.0008476451613,2025
dearica hamby,44,31.2,18.4,7.4,12.9,57.2,0.3,1.2,27.8,3.4,5.4,62.7,2.6,5.4,7.9,3.3,1.6,0.5,2.7,21.5,202000,0.002172043011,2025
allisha gray,42,34.5,18.4,5.9,13,45.1,2.3,6.1,38.4,4.4,5.5,79.9,0.9,4.5,5.3,3.5,1.1,0.4,1.8,18.6,190000,0.002043010753,2025
breanna stewart,31,30.6,18.3,6.1,13.2,46.1,0.7,2.8,24.1,5.5,6.5,83.7,1,5.5,6.5,3.5,1.4,1.4,1.9,20.9,222400,0.002391397849,2025
nneka ogwumike,44,30.9,18.3,7.3,14,51.9,1.5,4.1,36.7,2.2,2.7,82.2,1.3,5.7,7,2.3,1.1,0.4,1.9,19.9,195000,0.002096774194,2025
sabrina ionescu,38,31.4,18.2,6.1,15.1,40.1,2.1,7.1,29.9,4,4.3,93.3,0.8,4.1,4.9,5.7,1.3,0.4,2.6,18.5,222060,0.002387741935,2025
rhyne howard,33,34.9,17.5,5.7,15.1,37.5,3.1,9.6,32.2,3.1,3.6,85.6,0.9,3.5,4.5,4.6,1.5,0.8,1.7,17.3,91981,0.0009890430108,2025
jackie young,44,30.4,16.5,5.9,12.4,47.5,1.8,5.1,35.9,2.9,3.2,89.4,1.2,3.3,4.5,5.1,1.3,0.4,2.2,18.7,169950,0.001827419355,2025
satou sabally,39,26.6,16.3,5.3,13.2,40.4,1.7,5.4,32.1,3.9,4.7,82.7,1.4,4.5,5.9,2.5,1.3,0.3,2,15.7,215000,0.002311827957,2025
tina charles,43,28.4,16.3,6,13.8,43.8,0.3,1.1,26.1,3.9,4.6,85.7,1.4,4.3,5.8,1.7,0.8,0.4,1.9,14.7,170000,0.001827956989,2025
skylar diggins,43,31.2,15.5,5.3,12.5,42.3,1.4,4,36.5,3.5,4.4,78.8,0.6,1.9,2.5,6,1.2,0.8,2.1,15.8,214466,0.002306086022,2025
alyssa thomas,39,31.3,15.4,6.2,11.6,53.2,0,0.2,0,3,4.3,69.2,1.6,7.2,8.8,9.2,1.6,0.4,3.5,25.1,215000,0.002311827957,2025
aliyah boston,44,30.2,15,6.2,11.5,53.8,0.1,0.7,20.7,2.5,3.3,76.2,2.4,5.8,8.2,3.7,1.2,0.9,1.8,21.1,83371,0.0008964623656,2025
sonia citron,44,32.2,14.9,5.1,10.8,47,1.8,4.1,44.5,3,3.4,87.2,0.7,3.3,4,2.4,1.3,0.4,2.1,14.7,78831,0.0008476451613,2025
rickea jackson,38,30.9,14.7,5.4,12.7,42.4,1.7,4.9,34.8,2.2,2.6,84.7,1,2.2,3.2,1.7,0.6,0.4,2.1,10.8,78066,0.0008394193548,2025
marina mabrey,35,31.5,14.4,5.1,13.9,36.7,1.9,7,27,2.3,2.6,87,0.5,3.7,4.2,4,0.7,0.3,2.8,11.6,210000,0.002258064516,2025
kayla mcbride,39,31.3,14.2,4.6,11,41.6,2.6,6.7,39.5,2.4,2.7,90.5,0.3,2,2.3,3.5,1.3,0.1,1.7,12.9,205000,0.002204301075,2025
brittney sykes,39,30.6,14.1,4.5,11.7,38.1,0.8,2.6,30.4,4.4,5.6,78.1,0.5,2.6,3.2,4,1.2,0.4,2.5,11.8,195000,0.002096774194,2025
jonquel jones,31,26.8,13.6,4.8,9.9,49,1.7,4,42.4,2.3,2.9,76.9,1.5,6.6,8.1,2.7,0.5,1.1,2.1,18.2,209000,0.002247311828,2025
courtney williams,44,28.6,13.6,5.6,13.2,42.8,1.3,3.4,38.9,1,1.2,84.9,0.5,4.4,4.9,6.2,1.3,0.3,2.3,16.2,180000,0.001935483871,2025
kamilla cardoso,40,27.6,13.6,5.6,10.6,52.8,0,0.1,50,2.4,3.3,72.2,3,5.6,8.5,2.5,0.4,1.2,2.4,17.8,78066,0.0008394193548,2025
kiki iriafen,44,26.9,13.3,5,10.3,48.8,0,0.3,18.2,3.1,4,78.4,2.6,6,8.5,1.6,0.6,0.2,2.2,15.8,78831,0.0008476451613,2025
ariel atkins,34,28.5,13.1,4.8,10.7,44.4,1.3,3.5,36.1,2.4,2.7,86,0.7,2.7,3.4,3.6,1.6,0.7,2.5,13.5,223000,0.002397849462,2025
brionna jones,44,26.6,12.8,5.1,9.7,52.7,0.3,1,26.1,2.3,3,77.3,3.1,4.2,7.3,2.2,1.1,0.8,1.5,17.4,214466,0.002306086022,2025
azurá stevens,44,28.4,12.8,4.6,9.7,47.8,1.7,4.4,38.1,1.8,2.3,79,1.7,6.3,8,2.1,1.2,1.1,1.5,18.2,195000,0.002096774194,2025
shakira austin,38,23,12.7,5,10.8,46.5,0.1,0.4,13.3,2.6,3.8,66.4,1.5,4.9,6.4,1.8,1.1,1.1,2.4,13.5,91981,0.0009890430108,2025
veronica burton,44,29.4,11.9,3.4,8.8,38.7,1.4,4,34.5,3.8,4.3,87.8,1.1,3.2,4.4,6,1.1,0.6,2.1,16,103831,0.001116462366,2025
gabby williams,44,31.6,11.6,4.5,10.7,42.2,1.1,3.7,30.5,1.5,1.7,85.3,0.5,3.8,4.3,4.2,2.3,0.5,1.9,14.5,225000,0.002419354839,2025
natasha howard,44,24.1,11.4,4.5,8.2,55.2,0.1,0.8,18.2,2.1,3,71.2,2,4.6,6.6,1.5,1.2,0.6,1.9,14.7,214466,0.002306086022,2025
janelle salaün,36,27,11.3,4.1,10.1,40.6,1.8,4.8,36.6,1.4,1.7,80.6,0.9,4.2,5.1,1.2,0.6,0.1,1.5,10.5,66079,0.0007105268817,2025
chelsea gray,44,31.1,11.2,3.8,8.8,43.9,1.4,3.9,36.8,2.1,2.4,88.5,0.6,3.4,3.9,5.4,1.4,0.6,2.8,14.6,196267,0.002110397849,2025
jewell loyd,44,28.3,11.2,3.8,9.7,38.9,2.3,6,38.2,1.3,1.6,83.1,1.1,2.1,3.2,1.8,1.2,0.3,1.2,10.3,249032,0.002677763441,2025
erica wheeler,44,25.6,10.3,3.8,9.5,40,1.7,4.6,37.3,1,1.1,86,0.4,2.3,2.7,3.3,1.3,0.2,1.5,10.4,78831,0.0008476451613,2025
natasha cloud,41,29,10.1,3.7,8.5,43.3,1.3,3.8,33.8,1.5,1.7,87,0.3,3.3,3.7,5.1,1.2,0.3,1.9,13.5,200000,0.002150537634,2025
dewanna bonner,33,23.6,9.8,3.2,7.8,40.9,1.2,3.6,33.3,2.3,2.6,87.2,0.9,3.3,4.2,1.2,0.8,0.3,0.8,10.5,72269,0.0007770860215,2025
dewanna bonner,33,23.6,9.8,3.2,7.8,40.9,1.2,3.6,33.3,2.3,2.6,87.2,0.9,3.3,4.2,1.2,0.8,0.3,0.8,10.5,63721,0.000685172043,2025
brittney griner,39,20.8,9.8,4,7.7,51.8,0.1,0.5,26.3,1.7,2.2,76.5,0.9,4.3,5.2,0.8,0.1,1.2,1.5,11.4,214466,0.002306086022,2025
dijonai carrington,31,21.9,9.8,3.5,8.9,38.6,0.7,2.3,31.9,2.1,2.6,80.5,1.5,2.5,4,1.5,1.1,0.4,1.9,8.9,200000,0.002150537634,2025
alanna smith,42,26.5,9.6,3.8,7.9,48.5,1.3,3.8,32.9,0.7,1.5,47.7,1.5,3.5,5.1,2.9,1.3,1.9,1.5,14.4,150000,0.001612903226,2025
sami whitcomb,43,23.9,9.1,3,7.8,38.5,2,5.5,36.1,1.1,1.3,85.2,0.4,2.3,2.6,2.5,0.8,0.2,1.6,8.6,125000,0.001344086022,2025
natisha hiedeman,44,18.9,9.1,3.4,7,49.2,1,2.8,37.1,1.2,1.5,76.1,0.3,1.6,1.9,2.8,0.7,0.2,1.2,9.5,135000,0.001451612903,2025
rachel banham,44,24.6,9,2.9,7.7,38.3,2,5.5,35.7,1.2,1.3,88.1,0.1,1.5,1.7,2.7,0.6,0.3,1.6,7.7,95000,0.001021505376,2025
bria hartley,38,22.8,8.9,2.8,7.7,36.2,1.4,3.9,36.7,1.9,2.4,77.2,0.3,1.7,2,3.1,0.8,0,1.8,7.4,78831,0.0008476451613,2025
saniya rivers,42,26.1,8.8,3.4,8.3,40.7,1,3,34.1,1,1.4,74.6,0.7,2.1,2.8,2.7,1.5,0.9,1.5,10,75643,0.0008133655914,2025
leonie fiebich,37,28.1,8.7,2.9,6,48.9,1.4,3.2,42.5,1.5,1.7,87.1,0.6,2.9,3.5,1.7,0.9,0.4,1.2,10.8,68595,0.0007375806452,2025
naz hillmon,44,25.5,8.6,3.2,6.8,46.3,1.2,3.8,32.1,1.1,1.3,83.1,1.6,4.6,6.2,2.4,0.5,0.4,1.1,13.1,80823,0.0008690645161,2025
elizabeth williams,43,21.1,8.5,3.7,7.6,48,0,0,0,1.2,1.9,61.7,1.8,3.3,5.2,1.8,0.7,0.9,1.3,11.1,100000,0.001075268817,2025
olivia nelson-ododa,37,21.6,8.2,3.1,5.8,52.6,0,0.1,50,2.1,3,70.3,1.6,3.4,5,0.9,0.7,1.2,1.1,11.3,80823,0.0008690645161,2025
kennedy burke,36,21.6,8.1,2.8,6.1,46.8,1.3,3.1,41.4,1.1,1.5,75.9,0.6,1.8,2.4,1.3,0.8,0.4,0.9,8.4,78831,0.0008476451613,2025
ezi magbegor,44,27.3,8,3.2,6.5,49.3,0.3,1.1,29.2,1.3,1.9,68.7,1.9,4.3,6.2,2.1,0.7,2.2,1,14.3,186000,0.002,2025
jessica shepard,40,20.9,8,3.3,5.2,63.8,0,0,0,1.4,2.6,54.4,2.3,5,7.3,2.6,0.5,0.1,1.5,14,78831,0.0008476451613,2025
dominique malonga,42,14.3,7.7,3.5,6.3,55.1,0.1,0.4,22.2,0.7,1.2,56.9,1.3,3.4,4.6,0.9,0.4,0.7,1.1,9.8,78831,0.0008476451613,2025
monique akoa makani,41,21.5,7.7,2.8,6.5,43,1.2,3,39.8,0.9,1,92.7,0.6,1.6,2.2,2.7,0.8,0.1,1.3,8.4,66079,0.0007105268817,2025
aneesah morrow,41,18.9,7.7,2.7,7.3,37.5,0.4,1.8,24,1.8,2.3,75.8,2,4.8,6.9,0.5,0.8,0.4,1.1,10,79223,0.0008518602151,2025
nalyssa smith,45,21.2,7.6,3,5.9,50.2,0.2,0.6,29.6,1.5,2.4,61.1,1.6,3.5,5.1,0.7,0.6,0.6,1.1,9.6,91981,0.0009890430108,2025
myisha hines-allen,40,22.1,7.6,2.8,6.2,45,0.4,1.5,26.7,1.6,2.1,74.7,1.5,4.6,6,2.9,0.8,0.5,2.2,11.6,203000,0.002182795699,2025
aziaha james,38,17.7,7.5,2.8,7.5,37.3,0.8,2.9,28.6,1.1,1.4,74.5,0.9,2,2.9,1.6,0.6,0.2,1,6.7,72455,0.0007790860215,2025
temi fágbénlé,39,23.7,7.4,3.2,6.4,50.2,0.3,1.6,19.4,0.7,0.9,72.2,1.8,3.1,4.9,1.6,0.9,0.6,1.5,10.4,90000,0.0009677419355,2025
sug sutton,43,26.1,7.4,2.8,6.6,42.2,1,2.8,35.3,0.9,1.1,77.1,0.2,1.6,1.8,3.9,0.8,0.1,1.9,7.9,93831,0.001008935484,2025
carla leite,37,17.2,7.2,2.3,6,38.7,0.4,2,17.3,2.2,2.7,83.8,0.2,1.1,1.3,2,0.7,0.1,1.5,5.7,72455,0.000779086021,2025
lexie hull,44,27,7.2,2.7,6.8,39.5,1.3,3.4,36.7,0.6,0.8,72.2,1.4,2.9,4.3,1.8,1.2,0.2,0.9,9.4,88261,0.0009490430108,2025
kia nurse,44,21.9,7.2,2.3,6.6,35.4,1.4,4.1,33.5,1.1,1.4,79,0.4,1.9,2.3,1.3,0.3,0,1.3,5.3,145000,0.001559139785,2025
dana evans,44,17.7,6.6,2.4,6.3,38.9,0.8,2.3,36.6,0.9,1.2,75.5,0.2,0.9,1.1,2.2,0.4,0.1,0.8,5.4,89000,0.0009569892473,2025
bridget carleton,44,27.9,6.5,2.3,5.8,40.2,1.4,3.8,37.3,0.4,0.6,72,0.9,2.7,3.6,2,0.8,0.3,0.8,8.8,125000,0.001344086022,2025
jj quinerly,34,15.9,6.5,2.4,5.5,42.6,0.6,1.6,38.9,1.1,1.3,86.7,0.5,1.3,1.9,2.3,0.9,0.2,1.5,6.8,66079,0.0007105268817,2025
marine johannès,44,18.3,6.4,2.3,5.7,39.7,1.5,4.3,34.4,0.4,0.4,84.2,0.3,1.6,1.9,1.6,0.6,0.3,1.2,6,66079,0.0007105268817,2025
kaila charles,35,17.6,6.4,2.3,5.4,42,0.7,2.1,34.7,1.1,1.4,81.6,1.3,2.9,4.3,1,0.8,0.2,1.1,8.2,66079,0.0007105268817,2025
kate martin,42,16.4,6.2,2,6.3,32.3,1.4,4.4,31,0.8,1,78,0.5,2.2,2.7,1,0.4,0.1,0.8,5,68595,0.0007375806452,2025
li yueru,31,16.8,6,2,4.9,40.5,0.6,1.8,36.4,1.4,1.6,86,1.7,2.9,4.5,0.9,0.3,0.3,1,8,66079,0.0007105268817,2025
kitija laksa,33,19,5.9,2,5.5,36.7,1.2,3.6,31.7,0.8,1,81.3,0.3,0.9,1.2,0.6,0.4,0.2,0.6,4.1,80000,0.0008602150538,2025
jade melbourne,43,23.4,5.9,2.1,5.2,40,0.6,2.2,27.4,1.1,1.7,67.1,0.4,1.5,1.9,2.9,0.6,0.2,1.7,6.1,66710,0.000717311828,2025
michaela onyenwere,42,16.9,5.8,2.1,5,42.2,0.6,1.6,35.3,1,1.2,84.3,0.4,1.2,1.6,1.1,0.4,0.1,1.3,4.7,125000,0.001344086022,2025
te-hina paopao,43,16.7,5.8,2.2,5.1,44,1.2,3.1,38.6,0.2,0.3,53.8,0.2,1.4,1.6,2.4,0.5,0.2,1,6.5,69267,0.0007448064516,2025
maya caldwell,41,18.5,5.4,2,4.8,42.6,1,2.7,35.5,0.4,0.5,80,0.8,2.3,3.1,1.8,0.9,0.2,1,7.6,66079,0.0007105268817,2025
aaliyah edwards,36,14.8,5.4,1.9,4.3,44.8,0,0.3,0,1.6,2.4,64.4,1.3,2.4,3.7,0.6,0.6,0.4,1.1,6.3,74909,0.0008054731183,2025
julie allemand,34,28.3,5.4,2.1,4.7,44,0.8,3,27.7,0.4,0.6,78.9,0.4,3.4,3.7,5,1.3,0,1.6,11.2,85000,0.0009139784946,2025
lexi held,32,14.7,5.3,1.9,5.1,37.8,0.9,2.8,30.8,0.6,0.7,81.8,0.3,0.7,1.1,1.1,0.7,0.2,0.9,4.2,66079,0.0007105268817,2025
kathryn westbeld,43,18.4,5.1,1.8,5,35.8,1,3,32.1,0.6,0.7,78.1,0.7,1.8,2.5,0.9,0.8,0.6,0.6,6,66079,0.0007105268817,2025
rebecca allen,44,18.7,5.1,1.9,5.5,34.2,1,3,31.8,0.4,0.7,61.3,0.4,2.2,2.6,1.3,0.5,0.5,0.9,5.3,160000,0.001720430108,2025
isabelle harrison,34,10.6,4.9,1.9,3.9,48.5,0.1,0.4,26.7,1,1.3,76.7,0.9,1.8,2.6,0.7,0.6,0.1,0.7,5.9,78831,0.0008476451613,2025
natasha mack,34,18.3,4.7,2.1,3.6,57.3,0,0.1,0,0.5,1.1,47.2,2.3,3.5,5.8,0.9,0.9,1.5,0.4,11.2,116079,0.00124816129,2025
damiris dantas,38,11.6,4.6,1.7,4.8,34.8,0.7,2.5,26.3,0.6,0.7,85.7,0.7,1.7,2.4,0.7,0.2,0.1,0.8,3.9,100000,0.001075268817,2025
maria kliundikova,34,11,4.4,1.9,3.8,50,0.2,0.7,32,0.4,0.6,57.1,1.3,1.7,3,0.6,0.7,0.8,0.7,6.6,54418,0.0005851397849,2025
kierstan bell,35,12.2,4.2,1.5,4.4,33.8,0.9,2.9,29.1,0.3,0.4,80,0.6,1.2,1.8,0.7,0.4,0.3,0.5,3.8,84543,0.0009090645161,2025
lucy olsen,41,12.4,4,1.6,3.9,41.5,0.5,1.7,27.1,0.3,0.4,82.4,0.3,0.9,1.2,1.2,0.4,0.1,0.5,4,69261,0.0007447419355,2025
diamond miller,40,10.9,4,1.4,3.4,40.3,0.4,1.3,33.3,0.9,1.2,76.1,0.3,1,1.3,0.8,0.3,0.2,0.9,3.4,83371,0.0008964623656,2025
alysha clark,42,19.7,3.9,1.4,3.8,37.1,0.6,2.3,27.1,0.5,0.6,73.1,0.4,2.4,2.8,1.2,0.6,0.1,0.5,5.5,205908,0.002214064516,2025
nia coffey,44,10.3,3.9,1.3,3.3,37.4,0.5,1.9,29.3,0.8,1.1,72,0.6,2,2.6,1,0.2,0.4,0.7,5,150000,0.001612903226,2025
aaliyah nye,44,15.3,3.8,1.3,3.9,34.5,0.8,2.7,31.4,0.3,0.4,82.4,0.3,1.2,1.5,0.5,0.3,0.2,0.6,3.2,69267,0.0007448064516,2025
stefanie dolson,43,15.2,3.7,1.4,3.3,42.3,0.6,1.7,36,0.3,0.5,70,0.4,1.9,2.3,1.4,0.3,0.3,0.7,5.3,170000,0.001827956989,2025
rebekah gardner,41,12.2,3.7,1.3,2.7,50,0.5,1,47.6,0.5,0.7,81.5,0.7,1.1,1.8,0.6,0.6,0.2,0.6,4.9,66079,0.0007105268817,2025
emily engstler,40,12.8,3.7,1.3,3.4,39.6,0.4,1.6,25.4,0.6,0.9,66.7,0.9,2.3,3.3,1.5,0.7,0.7,1,6.5,81079,0.0008718172043,2025
tiffany mitchell,39,13.1,3.2,1,2.6,39.2,0.3,0.8,36.7,0.9,1.2,74.5,0.3,0.8,1.1,0.3,0.4,0.2,0.6,2.7,40789,0.0004385913978,2025
tiffany mitchell,39,13.1,3.2,1,2.6,39.2,0.3,0.8,36.7,0.9,1.2,74.5,0.3,0.8,1.1,0.3,0.4,0.2,0.6,2.7,42397,0.0004558817204,2025
sarah ashlee barker,34,14.1,3.1,1,3.1,33.7,0.5,1.8,29.5,0.5,0.7,70.8,0.3,1.6,1.9,0.9,0.3,0.1,1.1,3.1,72455,0.0007790860215,2025
stephanie talbot,38,14.2,2.9,1,2.7,37.5,0.4,1.5,28.6,0.5,0.7,64.3,0.7,2,2.7,1.7,0.5,0.2,1.1,5,125000,0.001344086022,2025
stephanie talbot,38,14.2,2.9,1,2.7,37.5,0.4,1.5,28.6,0.5,0.7,64.3,0.7,2,2.7,1.7,0.5,0.2,1.1,5,35110,0.0003775268817,2025
julie vanloo,35,12.8,2.8,0.9,3.2,29.7,0.7,2.6,27.2,0.2,0.3,80,0.1,0.8,0.9,1.9,0.4,0,1.4,2.4,66079,0.0007105268817,2025
makayla timpson,31,7.1,2.6,1,1.8,56.1,0,0,0,0.6,0.9,66.7,0.6,1.3,1.8,0,0.4,0.3,0.3,3.8,69267,0.0007448064516,2025
lindsay allen,31,14.5,2.4,0.8,2.1,40,0.1,0.6,16.7,0.6,0.7,82.6,0.3,0.7,1,2,0.3,0.2,1,3.5,90000,0.0009677419355,2025
haley peters,33,11.5,2.1,0.8,2.5,30.5,0.2,1.2,20.5,0.3,0.4,76.9,0.8,1.5,2.2,0.8,0.3,0.1,0.7,3,78829,0.0008476236559,2025
shatori walker-kimbrough,41,8.6,1.7,0.6,1.5,41.3,0.3,0.8,35.5,0.2,0.3,72.7,0.1,0.8,0.9,0.5,0.2,0.3,0.4,2.3,150000,0.001612903226,2025
kiah stokes,40,12.9,1.1,0.5,1.3,35.3,0.1,0.6,13,0.1,0.2,62.5,0.7,2.9,3.6,0.4,0.4,0.4,0.4,4.6,103000,0.001107526882,2025
a'ja wilson,38,34.4,26.9,10.1,19.6,51.8,0.5,1.6,31.7,6.1,7.2,84.4,2.1,9.8,11.9,2.3,1.8,2.6,1.3,33.6,227303,0.0122205914,2024
arike ogunbowale,38,38.6,22.2,7.3,19.2,38.3,2.9,8.5,34.6,4.6,5,92.1,0.8,3.8,4.6,5.1,2.1,0.3,2.7,19.4,241984,0.01300989247,2024
kahleah copper,37,32.4,21.1,7.4,17,43.5,1.9,5.9,31.4,4.5,5.6,80.7,0.6,3.9,4.5,2.3,0.8,0.1,3,15.2,241984,0.01300989247,2024
breanna stewart,38,32.7,20.4,7,15.2,45.8,1.2,4.1,29.5,5.3,6.3,84.5,1.6,6.9,8.5,3.5,1.7,1.3,1.7,24.5,205000,0.01102150538,2024
napheesa collier,34,34.7,20.4,7.9,16,49.2,0.9,2.9,31,3.7,4.6,80.4,2.2,7.5,9.7,3.4,1.9,1.4,2.1,25.7,215469,0.01158435484,2024
jewell loyd,37,33.7,19.7,6.1,16.8,36,1.6,5.8,27.4,6,6.8,88.1,0.7,3.8,4.5,3.6,1.4,0.2,2.3,15.6,241984,0.01300989247,2024
caitlin clark,40,35.4,19.2,6.1,14.5,41.7,3.1,8.9,34.4,4.1,4.5,90.6,0.4,5.3,5.7,8.4,1.3,0.7,5.6,20.9,76535,0.004114784946,2024
kelsey mitchell,40,32,19.2,7.1,15.1,46.8,2.7,6.8,40.2,2.4,2.8,83.2,0.7,1.8,2.5,1.8,0.7,0.2,1.6,14.2,212000,0.01139784946,2024
sabrina ionescu,38,32.1,18.2,6.3,15.9,39.4,2.8,8.4,33.3,2.8,3.1,89.8,0.7,3.7,4.4,6.2,1,0.3,2.7,17.4,202000,0.01086021505,2024
kelsey plum,38,34,17.8,6.1,14.4,42.3,2.9,7.9,36.8,2.7,3.1,86.6,0.3,2.3,2.6,4.2,0.7,0,2.4,14.1,200000,0.01075268817,2024
brittney griner,30,28.7,17.8,7.3,12.6,57.9,0.3,0.6,50,2.9,3.7,77.7,1.8,4.8,6.6,2.3,0.5,1.5,1.8,20.8,150000,0.008064516129,2024
chennedy carter,33,26,17.5,7.2,14.8,48.7,0.3,0.9,29,2.8,3.8,73,0.7,2.9,3.5,3.1,1.1,0.2,1.7,15.1,76535,0.004114784946,2024
rhyne howard,30,33.9,17.3,5.6,15,37.1,2.7,8.1,32.9,3.5,4.5,78.4,0.8,3.5,4.4,3.1,1.8,0.6,1.7,15.1,80943,0.004351774194,2024
dearica hamby,40,33.7,17.3,6.7,13.1,51.2,0.8,2.2,34.1,3.1,5,63.1,1.5,7.7,9.2,3.5,1.7,0.2,3,20.7,189000,0.01016129032,2024
nneka ogwumike,37,31.8,16.7,6.8,13.3,51.1,0.8,2,40.5,2.3,2.6,87.6,1.9,5.7,7.6,2.3,1.9,0.5,1.3,20.9,204500,0.01099462366,2024
jackie young,37,32.6,15.8,5.4,12.6,43,1.9,5.6,33.7,3,3.5,86.7,0.7,3.6,4.4,5.3,1,0.2,2.1,16.9,169950,0.009137096774,2024
allisha gray,40,33.2,15.6,5.1,12.7,40.3,1.7,5.1,34.2,3.6,4.7,76.9,1.1,3.3,4.4,2.7,1.1,0.7,1.7,14,185000,0.009946236559,2024
skylar diggins,40,31.6,15.1,5.5,12.8,42.7,1,3.4,29.1,3.3,3.8,86.7,0.7,1.9,2.6,6.4,1.7,0.9,2.8,16.2,208219,0.01119456989,2024
kayla mcbride,39,31.7,15,4.5,10.6,42,2.7,6.6,40.7,3.4,3.8,89.3,0.4,2.2,2.6,3.2,1.3,0.1,2,13.5,208000,0.0111827957,2024
dewanna bonner,40,31.8,15,5.3,12.8,41.5,1.5,4.9,29.4,3,3.6,83.2,0.6,5.4,6,2,1.2,0.7,1.4,15.4,209593,0.01126844086,2024
diana taurasi,36,29,14.9,4.8,11.9,40,2.4,7.2,33.3,3,3.5,85.7,0.4,3.4,3.8,3.4,0.6,0.3,1.9,13.5,234936,0.01263096774,2024
ariel atkins,40,29.9,14.9,5.4,12.4,43.7,2,5.5,35.7,2.1,2.5,84.8,0.9,2.5,3.4,3.1,1.5,0.4,2.3,13.6,200000,0.01075268817,2024
tina charles,39,29.7,14.9,6.2,13.7,45.6,0.3,1.1,26.2,2.2,2.7,78.5,2.5,7.1,9.6,2.3,0.9,0.5,1.6,18.6,130000,0.006989247312,2024
marina mabrey,40,30.9,14.4,5.4,13,41.3,2.5,6.5,37.7,1.2,1.7,71,0.6,3.8,4.4,4.1,1.1,0.4,2.4,13.9,217592,0.01169849462,2024
jonquel jones,39,29.9,14.2,5.3,9.8,53.8,1.5,3.9,38.8,2.1,2.7,78.8,1.7,7.3,9,3.2,0.8,1.3,2.4,21,190000,0.01021505376,2024
aliyah boston,40,30.9,14,5.9,11.2,52.9,0.2,0.7,26.9,2,2.8,73.6,2.8,6.1,8.9,3.2,0.9,1.2,2,20.2,75792,0.00407483871,2024
brionna jones,40,27.2,13.7,5.5,10.2,53.8,0.1,0.4,14.3,2.7,3.6,73.8,2.2,3.4,5.5,1.5,1.2,0.6,1.3,15.5,212000,0.01139784946,2024
angel reese,34,32.5,13.6,4.8,12.3,39.1,0.1,0.5,18.8,3.9,5.2,73.6,5.1,8.1,13.1,1.9,1.3,0.5,2.2,19.2,73439,0.003948333333,2024
rickea jackson,40,28.8,13.4,5,11,45.6,1.1,3.1,34.7,2.3,2.9,80.7,1.3,2.6,3.9,1.5,0.7,0.4,1.9,11.3,76535,0.004114784946,2024
dijonai carrington,39,29.6,12.7,4.4,11,40.3,0.7,2.7,25,3.2,4,79,1.4,3.7,5,1.6,1.6,0.4,1.9,12,78469,0.004218763441,2024
betnijah laney-hamilton,28,30.3,11.8,4.3,9.4,45.6,1.5,3.6,40.2,1.7,1.9,90.6,1.1,3.1,4.2,3.3,1.1,0,2.4,12.8,180000,0.009677419355,2024
teaira mccowan,39,25.2,11.7,4.7,8.3,57,0,0.1,25,2.3,3.2,71.8,2.9,5.2,8.1,1.6,0.9,0.9,2,16.7,195700,0.01052150538,2024
ezi magbegor,37,30.7,11.7,4.6,9.1,51.2,0.4,1.4,24.5,2.1,2.4,87.4,2.2,5.8,8,2,1.1,2.2,1.4,18.8,155000,0.008333333333,2024
natasha cloud,38,33.3,11.5,4,10.1,39.7,1.2,3.8,30.8,2.4,2.9,82.6,0.5,3.6,4.1,6.9,1.4,0.6,3,14.9,200000,0.01075268817,2024
courtney williams,40,26.5,11.1,4.9,11,44.3,0.6,1.7,33.3,0.9,1.1,81,0.4,4.3,4.7,5.5,0.9,0.4,2.5,13.9,175000,0.009408602151,2024
alyssa thomas,40,32.4,10.6,4.2,8.2,50.9,0,0.1,0,2.3,3.6,62.8,2.5,6,8.4,7.9,1.6,0.5,3.6,20,218000,0.01172043011,2024
nalyssa smith,40,24.8,10.6,4.2,8.8,48,0.4,1.2,29.2,1.8,3.2,56.7,1.8,5.3,7.1,1,0.8,1,1.3,13.2,80943,0.004351774194,2024
tyasha harris,39,28.8,10.5,3.7,8.7,42.5,1.5,3.9,39.5,1.5,2,76.6,0.3,1.5,1.8,3,1,0.3,1.4,9.8,97100,0.005220430108,2024
alanna smith,39,26.5,10.1,3.8,8,47.1,1.2,3,39.8,1.4,1.8,75,1.6,4.1,5.6,3.2,1.4,1.5,1.9,15.1,150000,0.008064516129,2024
kamilla cardoso,32,27.4,9.8,3.9,7.6,52.1,0,0,0,1.9,2.6,72.6,3,4.9,7.9,1.7,0.5,1.4,1.5,15.5,76535,0.004114784946,2024
bridget carleton,39,29.9,9.6,3.2,7.3,44.4,2.3,5.3,44.4,0.8,1,78.9,0.9,2.8,3.8,2.2,1,0.3,1,11.6,125000,0.006720430108,2024
stefanie dolson,39,26,9.5,3.4,7.2,47.5,1.8,4,46.5,0.8,1.1,78.6,0.8,4.1,4.9,2.6,0.5,0.5,1.7,12.3,185000,0.009946236559,2024
tiffany hayes,33,21.5,9.5,3.3,6.7,50,1,2.5,40.2,1.8,2.5,71.4,0.8,2,2.8,2.1,0.8,0.3,0.8,10.5,88000,0.004731182796,2024
karlie samuelson,29,24.6,8.4,2.7,6.7,40.9,1.7,4.2,39.8,1.2,1.3,92.3,0.5,2,2.6,2.1,0.9,0,0.9,9.1,125000,0.006720430108,2024
sophie cunningham,40,27.7,8.4,2.6,6,42.9,1.7,4.5,37.8,1.5,1.7,87,0.4,3.5,3.9,2,1,0.3,1,10.9,189500,0.01018817204,2024
myisha hines-allen,40,18.7,7.8,3,6.1,49.2,0.5,1.3,36,1.4,1.7,83.3,1.1,3.6,4.7,2.6,0.7,0.1,1.4,11,180200,0.009688172043,2024
aaliyah edwards,34,21.8,7.6,3,6.2,49,0,0.2,0,1.5,2.4,65,1.4,4.2,5.6,1.4,0.7,0.8,1.5,10.7,73439,0.003948333333,2024
kia nurse,40,20.3,7.6,2.6,6.6,38.8,1.3,4,33.1,1.2,1.5,79.3,0.4,1.2,1.6,1.3,0.5,0,1.2,5.5,142500,0.007661290323,2024
shatori walker-kimbrough,40,22.1,7.5,2.6,6.3,41.5,0.9,2.7,33,1.4,1.7,80.6,0.3,1.4,1.7,1.9,1.1,0.5,1.4,7.2,97850,0.005260752688,2024
monique billings,37,22.8,7.4,2.9,6.2,46.5,0.1,0.4,21.4,1.5,1.9,80.3,1.8,4,5.8,1.4,0.7,0.5,1.8,10.4,35237,0.001894462366,2024
monique billings,37,22.8,7.4,2.9,6.2,46.5,0.1,0.4,21.4,1.5,1.9,80.3,1.8,4,5.8,1.4,0.7,0.5,1.8,10.4,5304,0.0002851612903,2024
monique billings,37,22.8,7.4,2.9,6.2,46.5,0.1,0.4,21.4,1.5,1.9,80.3,1.8,4,5.8,1.4,0.7,0.5,1.8,10.4,19702,0.001059247312,2024
julie vanloo,40,23.2,7.4,2.7,7.7,34.6,1.8,5.6,32.4,0.3,0.4,66.7,0.1,1.5,1.6,4.3,0.5,0,2.6,6.1,64154,0.003449139785,2024
dana evans,39,19.1,7.2,2.4,6.5,37.7,1.1,2.8,37.6,1.2,1.3,96,0.1,1,1.1,2.4,0.7,0.1,1.4,6,78469,0.004218763441,2024
jordan horston,39,22.3,6.8,2.8,5.8,49.3,0.3,1.3,25,0.8,1.1,72.1,1.2,3.1,4.3,1.8,1.3,0.7,1.7,9.9,69663,0.003745322581,2024
leonie fiebich,40,20.9,6.7,2.4,5.1,47.8,1.4,3.2,43.3,0.5,0.6,72,1,2.1,3,1.8,1,0.2,1,8.7,67249,0.003615537634,2024
michaela onyenwere,34,18.7,6.6,2.6,6.2,41.5,0.7,2,36.8,0.7,1.2,61,0.6,1.3,1.8,1,0.6,0.4,1.3,5,85690,0.004606989247,2024
lindsay allen,40,23.8,6.6,2.6,5.6,46.6,0.4,1.2,29.2,1.1,1.3,80.8,0.3,1.7,2,3.9,0.8,0.2,1.6,8.7,90000,0.004838709677,2024
isabelle harrison,36,16.3,6.5,2.6,6.6,39.9,0.1,0.5,16.7,1.1,1.4,82,1.1,2.9,3.9,0.8,0.6,0.3,1.1,6.8,160000,0.008602150538,2024
courtney vandersloot,31,22.3,6.4,2.6,5.9,44.5,0.6,2.2,26.9,0.5,1,54.8,0.4,2.2,2.6,4.8,0.8,0.5,1.8,9.5,194670,0.01046612903,2024
emily engstler,32,14.5,6.2,2.4,4.8,49.4,0.8,1.8,47.4,0.6,0.7,81.8,1.4,2.6,4,1.5,0.6,0.8,0.7,9.7,64154,0.003449139785,2024
alysha clark,40,24.3,6,2.1,4.8,44.3,1.2,3.2,37.3,0.6,0.7,82.1,0.5,3.1,3.6,1.8,0.8,0.3,1.4,8.3,110000,0.005913978495,2024
rae burrell,37,15.6,5.9,1.6,4.4,36.2,0.6,1.9,33.3,2.1,2.7,78,0.6,1.3,1.8,1.1,0.8,0.3,1,5.6,125000,0.006720430108,2024
naz hillmon,40,21.7,5.7,2.3,4.1,55.2,0,0.1,33.3,1.2,1.6,76.2,1.6,3.2,4.8,1.3,0.7,0.3,1,9.7,71124,0.003823870968,2024
kalani brown,39,13.3,5.7,2.4,4.1,58.2,0,0.1,0,1,1.5,66.1,1.1,1.9,3.1,1.1,0.2,0.6,1.2,7.1,125000,0.006720430108,2024
rachel banham,37,15.8,5.7,1.9,5.5,35.1,1.4,3.8,36.6,0.4,0.5,80,0.2,1.2,1.4,1.1,0.4,0.2,0.5,4.6,95000,0.005107526882,2024
kayla thornton,40,20.2,5.5,1.9,5.1,37.9,1.1,3.2,35.7,0.6,0.7,84.6,1,1.6,2.6,0.7,0.7,0.2,0.6,5.9,110000,0.005913978495,2024
lexie hull,34,19.7,5.5,1.8,4,44.1,1,2.1,47.1,1,1.2,80.5,1,1.5,2.5,1.1,0.6,0.3,0.9,6.6,77669,0.004175752688,2024
jacy sheldon,40,23.3,5.4,2,5.3,38.6,0.8,2.4,30.9,0.6,0.7,92.6,0.7,1.4,2.1,2.5,0.6,0.3,1.6,6,73439,0.003948333333,2024
jade melbourne,37,14.2,5.4,1.9,4.5,43.4,0.5,1.5,35.7,0.9,1.3,71.4,0.4,1.1,1.5,1.6,0.6,0.1,1.7,4.6,64154,0.003449139785,2024
li yueru,38,14.4,5.1,1.8,3.9,46.3,0.1,0.4,26.7,1.4,1.6,89.8,1.4,2.2,3.7,0.6,0.3,0.2,0.9,6.8,64767,0.003482096774,2024
sami whitcomb,40,15.3,5,1.8,5.2,34.6,1.2,4,29.2,0.2,0.3,81.8,0.4,1.5,1.9,1.6,0.8,0.2,1,5,140000,0.00752688172,2024
natisha hiedeman,40,15.2,4.9,1.8,4.8,38,0.6,2.1,28,0.6,0.9,73.5,0.4,1.2,1.6,2.4,0.8,0.2,1.1,5.4,120000,0.006451612903,2024
dorka juhász,34,16.1,4.8,2,4.2,47.9,0.3,1,32.4,0.4,0.6,65,0.9,2.9,3.8,1.1,0.4,0.4,0.6,7.4,66597,0.003580483871,2024
cecilia zandalasini,40,12.2,4.6,1.7,3.7,45.3,0.8,1.8,44.3,0.5,0.7,62.1,0.1,1,1.2,1.1,0.4,0.2,0.8,4.3,64154,0.003449139785,2024
diamond deshields,32,13.8,4.5,1.8,5,34.8,0.3,1.6,17.3,0.7,1.1,61.1,0.2,1.2,1.4,1.3,0.6,0.3,0.9,3.5,100000,0.005376344086,2024
sevgi uzun,40,20.5,4.4,1.7,5,34.2,0.5,2.1,23.8,0.5,0.6,82.6,0.2,1.4,1.6,3,0.9,0.3,1.8,5,64154,0.003449139785,2024
katie lou samuelson,37,18.2,4.3,1.4,3.9,34.9,0.9,2.7,33,0.6,0.7,96,0.5,1.8,2.3,1.4,0.3,0.2,0.5,5.5,175000,0.009408602151,2024
mercedes russell,37,15.8,3.9,1.7,3.2,51.7,0,0,0,0.6,0.9,63.6,0.7,2.3,3,0.8,0.6,0.2,0.7,5.9,160000,0.008602150538,2024
haley jones,40,17.8,3.9,1.5,3.7,39.7,0.2,0.7,21.4,0.8,1.2,70.2,0.3,2,2.2,2.1,0.4,0.3,1.7,4.6,72727,0.003910053763,2024
natasha mack,40,15.5,3.8,1.8,3.1,57.3,0,0.1,0,0.3,0.5,57.9,1.5,3.5,5,1.1,0.7,1.2,0.7,9.5,64154,0.003449139785,2024
megan gustafson,38,10.7,3.7,1.4,2.8,50,0.6,1.5,38.6,0.3,0.4,76.5,0.6,1.3,1.9,0.2,0.3,0.1,0.4,4.5,94000,0.005053763441,2024
erica wheeler,39,14,3.6,1.5,3.6,41.1,0.4,1.3,28.8,0.3,0.3,84.6,0.2,1.2,1.4,1.8,0.4,0.1,0.9,4.2,202154,0.01086849462,2024
zia cooke,29,8.9,3.6,1.2,3.9,32.1,0.4,1.3,29.7,0.7,1,69,0.1,0.5,0.6,0.6,0.3,0.1,0.7,1.5,69663,0.003745322581,2024
stephanie talbot,37,16.2,3.5,1.3,3.4,39.5,0.4,1.4,26,0.5,0.8,69,0.6,2.2,2.7,2.1,0.5,0.5,1,6,115000,0.006182795699,2024
kennedy burke,38,12.1,3.4,1.4,3.5,40.9,0.4,1.5,25.9,0.2,0.3,66.7,0.4,1.2,1.5,0.9,0.6,0.3,0.7,3.9,76535,0.004114784946,2024
olivia nelson-ododa,37,11.8,3.4,1.3,2.7,49.5,0,0,0,0.7,1.1,65.9,0.8,1.7,2.5,0.2,0.4,0.6,0.8,4.5,71124,0.003823870968,2024
nia coffey,40,13.4,3.3,1.2,3.7,32.4,0.5,1.7,27.3,0.4,0.5,76.2,0.5,1.9,2.4,1.2,0.3,0.7,1,4.1,150000,0.008064516129,2024
crystal dangerfield,33,13.3,3.2,1.1,4,28.2,0.5,1.9,27.4,0.5,0.5,88.2,0.1,1,1,1.9,0.3,0.2,0.8,2.9,36436,0.001958924731,2024
crystal dangerfield,33,13.3,3.2,1.1,4,28.2,0.5,1.9,27.4,0.5,0.5,88.2,0.1,1,1,1.9,0.3,0.2,0.8,2.9,15912,0.000855483871,2024
crystal dangerfield,33,13.3,3.2,1.1,4,28.2,0.5,1.9,27.4,0.5,0.5,88.2,0.1,1,1,1.9,0.3,0.2,0.8,2.9,21218,0.001140752688,2024
mikiah herbert harrigan,31,10.8,3.2,1.1,2.8,40.7,0.5,1.7,32.1,0.4,0.6,55,0.5,1,1.5,0.3,0.5,0.4,0.5,3.4,64154,0.003449139785,2024
victoria vivians,35,12.7,3.1,1.2,3.5,33.3,0.6,2,31.9,0.2,0.3,66.7,0.5,1.4,2,0.8,0.4,0.2,0.6,3.5,85000,0.004569892473,2024
victoria vivians,35,12.7,3.1,1.2,3.5,33.3,0.6,2,31.9,0.2,0.3,66.7,0.5,1.4,2,0.8,0.4,0.2,0.6,3.5,76535,0.004114784946,2024
veronica burton,31,12.7,3.1,0.8,2.3,36.1,0.4,1.2,35.1,1,1.2,83.8,0.4,1,1.4,1.9,0.5,0.2,0.5,4.9,50180,0.002697849462,2024
kate martin,34,11.5,2.6,0.8,2.6,30.7,0.6,1.8,35.5,0.3,0.4,91.7,0.2,1.4,1.6,0.9,0.2,0.2,0.6,3,67249,0.003615537634,2024
sydney colson,31,8,2.5,0.9,2.1,42.2,0.5,1.2,37.8,0.3,0.3,88.9,0,0.4,0.5,1,0.5,0.2,0.5,2.8,76535,0.004114784946,2024
sug sutton,29,13.1,2.3,0.8,2.7,30.4,0.3,1.4,24.4,0.3,0.4,69.2,0.2,0.8,1,2.1,0.6,0,1.2,2.8,64154,0.003449139785,2024
kiah stokes,39,18.4,1.4,0.5,1.6,32.3,0.2,1,22.5,0.2,0.2,66.7,0.6,4.1,4.7,0.7,0.5,0.8,0.4,6.7,100000,0.005376344086,2024
lorela cubaj,28,7.9,1.2,0.5,1.3,42.9,0,0,0,0.1,0.2,60,0.7,0.8,1.5,0.5,0.3,0.1,0.4,2.4,64154,0.003449139785,2024
jewell loyd,38,35.3,24.7,7.5,20.3,37,3,8.5,35.6,6.7,7.5,88.8,1.1,3.6,4.7,3.4,1,0.4,2.8,17.9,234936,0.01329575552,2023
breanna stewart,40,34.1,23,7.9,17,46.5,2.1,5.8,35.5,5.1,6,85.1,1.6,7.7,9.3,3.8,1.5,1.6,1.5,27.6,180000,0.01018675722,2023
a'ja wilson,40,30.7,22.8,8.4,15,55.7,0.2,0.7,31,5.8,7.2,81.2,2.1,7.5,9.5,1.6,1.4,2.2,1.6,28,202154,0.01144052066,2023
napheesa collier,37,33.5,21.5,8,16.6,48.5,0.9,3.1,29.8,4.5,5.4,84,1.9,6.6,8.5,2.5,1.6,1.2,2.4,23.5,202154,0.01144052066,2023
arike ogunbowale,40,37.2,21.2,7.5,18.8,39.8,2.9,8.5,34.3,3.4,3.8,87.6,0.5,2.9,3.4,4.5,1.7,0.1,2.6,16.5,234936,0.01329575552,2023
nneka ogwumike,36,31.1,19.1,7.3,14.3,51.2,0.6,1.7,33.9,3.9,4.5,87,1.7,7.1,8.8,2.7,1.7,0.7,2.2,23.2,199530,0.01129202037,2023
kahleah copper,38,31.2,18.7,6.9,15.4,44.8,1.8,4.5,40.4,3.1,4,77,0.7,3.7,4.4,2,0.9,0.3,2.5,14.4,205000,0.01160158461,2023
kelsey plum,39,32.4,18.7,6.4,13.4,47.5,2.4,6.3,38.9,3.5,3.8,91.2,0.2,2.2,2.4,4.5,1.1,0,2.1,17.3,200000,0.01131861913,2023
satou sabally,38,33.1,18.6,6.2,14.3,43.5,1.7,4.8,36.1,4.4,5,87.4,2.3,5.8,8.1,4.4,1.8,0.4,2.9,21.7,86701,0.004906677985,2023
kelsey mitchell,40,33.7,18.2,6.1,13.9,44.1,2.6,6.4,39.8,3.4,4.1,82.4,0.3,1.3,1.6,3.1,0.9,0.1,2.3,13.2,206000,0.0116581777,2023
jackie young,40,31.5,17.6,6.2,11.9,52.3,2.2,5,44.9,2.9,3.4,86.7,0.7,3.4,4,3.8,1.3,0.1,1.8,18.9,165000,0.009337860781,2023
brittney griner,31,27.6,17.5,7.1,12.6,56,0,0.3,11.1,3.4,4.4,77.2,1.2,5.1,6.3,2.2,0.5,1.6,2.1,19.5,165100,0.009343520091,2023
rhyne howard,39,32.9,17.5,5.8,15.1,38.5,2.5,7.2,35.2,3.3,4.2,78.8,0.7,4.3,4.9,3.5,1.3,0.6,1.9,15.8,73584,0.00416434635,2023
dewanna bonner,40,30.1,17.4,5.8,13.7,42.5,1.9,5.7,32.9,3.9,4.5,86.2,0.9,4.7,5.6,2.2,1.1,0.6,1.5,16.9,234350,0.01326259196,2023
allisha gray,38,32.7,17.1,5.8,12.4,46.5,1.1,3.1,35.6,4.4,5.4,82.4,1.2,3.7,4.9,3.1,1.1,0.4,1.9,17.1,194600,0.01101301641,2023
sabrina ionescu,36,31.5,17,5.4,12.8,42.3,3.6,7.9,44.8,2.6,3,87.2,0.8,4.8,5.6,5.4,1,0.3,2.6,18.9,86701,0.004906677985,2023
natasha howard,39,33.1,16.5,6.3,13.8,45.8,1,3.3,29.9,2.8,3.5,81.5,2.2,5.9,8,2.6,1.3,1.2,2.8,18.6,227900,0.0128975665,2023
brittney sykes,40,31.3,15.9,5.7,13.1,43.9,1.4,4,35,3.1,3.8,79.7,1,4,5,3.8,2.1,0.3,2.4,16.6,190000,0.01075268817,2023
alyssa thomas,40,36.2,15.5,6.1,12.8,47.4,0,0.1,0,3.3,4.7,71.5,2,7.9,9.9,7.9,1.8,0.5,3.4,24,212000,0.01199773628,2023
nalyssa smith,31,28.5,15.5,6.1,12.7,47.7,0.6,2.2,28.4,2.7,4,67.7,2.1,7.1,9.2,1.4,0.3,0.3,2.7,16.1,73584,0.00416434635,2023
chelsea gray,40,32.2,15.3,5.6,11.5,49,1.6,3.8,42.1,2.4,2.7,89.7,0.3,3.7,4,7.3,1.4,0.6,2.5,19.9,196267,0.0111073571,2023
cheyenne parker-tyus,40,26.7,15,5.8,12,48.2,0.4,1.4,27.8,3,3.7,82.9,2.2,4.5,6.7,1.8,1.1,1.5,2.3,16.9,216100,0.01222976797,2023
marina mabrey,39,30,15,5.2,12.6,41.1,2.3,5.8,39,2.4,2.8,83.6,0.9,2.9,3.7,3.6,0.7,0.5,2.2,13.5,202000,0.01143180532,2023
aliyah boston,40,31.2,14.5,5.8,10.1,57.8,0.1,0.3,40,2.7,3.6,74.5,3.1,5.3,8.4,2.2,1.3,1.3,1.9,20.6,74305,0.004205149972,2023
kayla mcbride,38,31.8,14.3,4.9,11.6,42.4,2.2,6.4,34.2,2.2,2.6,86.7,0.4,2.8,3.2,2.2,1.2,0.2,1.7,12.4,201984,0.01143089983,2023
ezi magbegor,40,32.6,13.8,5.4,10.6,51.3,0.8,2,38.5,2.2,3.1,69.9,1.6,6.5,8.1,2.6,1.1,1.9,2.4,18.9,159650,0.009035087719,2023
jordin canada,38,32.6,13.3,4.3,10.6,40.4,1.1,3.2,33.3,3.6,4.2,87.3,0.2,2.8,3.1,6,2.3,0.2,2.7,15.3,74305,0.004205149972,2023
betnijah laney-hamilton,40,30,12.8,5,10,49.9,1.5,3.8,39.2,1.3,1.7,79.1,0.8,2.5,3.3,2.4,0.9,0.1,1.9,12.2,201984,0.01143089983,2023
natasha cloud,37,32.4,12.7,4,10.7,37.7,1.2,4.1,29.8,3.4,3.8,90,0.2,3.5,3.7,6.2,1.1,0.3,2.6,14.3,190000,0.01075268817,2023
diamond miller,32,26.1,12.1,4.4,10.8,40.3,1,3.2,30.7,2.4,3,79.2,0.7,2.8,3.5,2.5,0.9,0.3,2.3,10,74305,0.004205149972,2023
tiffany hayes,40,27.1,12.1,4.2,8.8,47.6,1.2,3.3,36.6,2.5,3.2,77.8,1,2.1,3,2.6,0.9,0.1,1.4,11.9,162477,0.009195076401,2023
teaira mccowan,30,26.1,11.9,5,9.1,55.1,0,0.1,0,1.9,3.3,58.6,3.5,5.6,9.1,1.5,0.5,1.2,1.5,17.2,190000,0.01075268817,2023
jonquel jones,40,25,11.3,4.4,8.4,52.7,0.8,2.3,35.2,1.7,2,86.3,2.6,5.8,8.4,1.8,0.6,1.3,2.1,17.1,211150,0.01194963214,2023
sophie cunningham,31,29,11.3,3.6,8.7,41.3,1.9,5.5,33.7,2.3,2.6,87.5,0.5,2.3,2.8,2.1,0.6,0.4,1.5,10.3,150000,0.008488964346,2023
azurá stevens,35,26,10.8,4.3,10.5,40.4,1,3.1,32.1,1.3,1.7,75.4,1.5,4.4,5.9,1.1,1.2,0.9,1.5,11.8,190000,0.01075268817,2023
courtney vandersloot,39,30.4,10.5,4.1,9.3,44.2,0.9,3.2,29.4,1.3,1.7,76.1,0.5,3,3.5,8.1,1.3,0.6,2.7,15.7,194000,0.01097906055,2023
moriah jefferson,39,24.9,10.5,4.2,9.8,43.3,1,2.8,35.2,1.1,1.3,82,0.2,1.7,2,3.6,1.1,0.2,1.6,9.9,137500,0.007781550651,2023
courtney williams,40,30.1,10.4,4.4,10.1,43.7,1.2,2.7,44.3,0.4,0.6,60,1,5.1,6,6.3,1,0.3,2.5,15.5,160000,0.009054895303,2023
erica wheeler,40,26.8,9.9,3.7,9.2,39.8,0.8,2.4,30.9,1.8,2.1,87.8,0.4,2.6,3,5,1.1,0.1,2.1,11.2,242154,0.01370424448,2023
elizabeth williams,40,29.7,9.8,4.2,8.1,51.4,0,0,0,1.5,2.3,63,2.3,3.6,5.8,2.5,1.3,1.5,1.4,14.7,135000,0.007640067912,2023
sami whitcomb,40,24.5,9.7,3.2,8,40,2.2,5.8,38.5,1.1,1.3,83,0.5,2.4,2.9,2.9,0.9,0.4,2,9.7,142500,0.008064516129,2023
alanna smith,38,26.5,9.2,3.5,7,49.8,0.8,2.7,29.4,1.4,2.1,67.9,1.8,4.7,6.6,1.8,1.3,1.3,1.5,14.5,100000,0.005659309564,2023
dana evans,39,21.5,9,3,8.3,36,1.1,3.7,29.4,1.9,2.3,85.4,0.2,1,1.2,3,0.7,0.1,1.6,6.8,69053,0.003907923033,2023
dearica hamby,40,24.8,8.9,3.3,7.7,43.1,0.2,1,22,2.1,3.2,64.8,1.3,4.6,5.9,1.8,0.9,0.3,1.5,10.8,169000,0.009564233164,2023
michaela onyenwere,40,23.8,8.9,3.3,8.1,40.4,0.9,2.8,31.5,1.5,2,75.9,1.2,2.5,3.7,1.3,0.8,0.5,2,7.8,75407,0.004267515563,2023
natisha hiedeman,40,26.7,8.5,3.1,7.9,39.2,1.5,4,36.6,0.9,1.2,73.9,0.2,1.9,2.1,2.7,0.9,0.1,1.4,7.7,120000,0.006791171477,2023
dijonai carrington,32,17.2,8.3,2.9,7,41.7,0.7,1.9,37.1,1.8,2.3,75.7,0.8,2,2.9,1.3,0.6,0.1,1.1,7.4,69053,0.003907923033,2023
crystal dangerfield,35,27.8,8.2,3.4,8,42.5,0.8,2.7,29,0.6,0.8,81.5,0.8,2.1,2.9,3.1,0.9,0.2,1.2,9.4,80000,0.004527447651,2023
sug sutton,40,26.3,8.2,3.2,8.2,38.5,0.8,2.2,33.7,1.2,1.4,80.7,0.4,2.2,2.6,4.8,0.7,0.1,2.5,8.5,62285,0.003524900962,2023
tianna hawkins,40,23.1,8.2,3.3,6.6,49.1,0.7,2.2,33.3,1,1.3,75,1.5,3.5,5,1.4,0.8,0.4,1.2,10.9,74305,0.004205149972,2023
megan gustafson,34,15.1,7.9,3,5.7,52.6,0.4,1.3,34.9,1.5,1.8,80.6,1.4,2.5,3.9,0.7,0.4,0.4,1.1,9.1,74305,0.004205149972,2023
kalani brown,32,16.4,7.8,2.8,4.5,62.9,0,0,0,2.2,2.7,80.2,1.7,2.8,4.5,1,0.2,0.7,1.3,10.7,35861,0.002029485003,2023
kalani brown,32,16.4,7.8,2.8,4.5,62.9,0,0,0,2.2,2.7,80.2,1.7,2.8,4.5,1,0.2,0.7,1.3,10.7,14538,0.0008227504244,2023
karlie samuelson,34,26.1,7.7,2.4,5.2,46.3,1.4,3.4,42.6,1.4,1.5,94.1,0.3,2.6,3,2,0.6,0.1,0.9,9.6,8723,0.0004936615733,2023
karlie samuelson,34,26.1,7.7,2.4,5.2,46.3,1.4,3.4,42.6,1.4,1.5,94.1,0.3,2.6,3,2,0.6,0.1,0.9,9.6,62675,0.003546972269,2023
tiffany mitchell,33,23.1,7.3,2.6,6.5,40.4,0.4,1.4,28.9,1.7,2,83.3,0.5,1.8,2.3,2.3,0.5,0.1,2.1,6.2,135000,0.007640067912,2023
marine johannès,35,18.9,7.1,2.5,6.1,41.4,1.6,4.3,36.8,0.4,0.6,75,0.2,1.2,1.4,1.7,0.7,0.1,1.3,5.8,62285,0.003524900962,2023
jordan horston,36,22.4,6.9,2.8,7.6,36.7,0.3,1.1,24.4,1,1.4,71.2,1.3,3.8,5.1,1.6,1.2,0.6,2,8.2,68295,0.003865025467,2023
nia coffey,31,21.9,6.9,2.7,6.2,43.2,1.1,2.6,40.2,0.5,0.8,62.5,0.5,4.4,4.8,1.5,0.5,1.2,1.4,9.8,135000,0.007640067912,2023
alysha clark,39,22.5,6.7,2.3,5.3,44.4,1.3,3.4,38.6,0.7,0.8,81.8,0.5,2.9,3.4,1.1,0.6,0.2,0.7,8.1,110000,0.006225240521,2023
kristy wallace,37,19.7,6.6,2.5,6.3,40.1,1,2.3,43.5,0.6,0.8,75,0.6,1.6,2.2,1.9,0.6,0.2,1.3,6.3,64657,0.003659139785,2023
rebecca allen,40,21.5,6.4,2.5,6,40.8,1,2.9,34.8,0.5,0.7,70.4,0.7,2.1,2.8,0.9,0.9,1.3,0.9,7.7,136850,0.007744765139,2023
shatori walker-kimbrough,40,24.8,6.3,2.2,5.1,42.9,0.8,2.1,39,1.1,1.2,93.6,0.2,1.9,2.1,1.7,0.7,0.4,0.7,7.4,95000,0.005376344086,2023
lindsay allen,29,24.1,6.2,2.2,5.6,39.9,0.2,1.2,20.6,1.4,1.8,79.2,0.6,1.9,2.4,4.5,0.6,0.1,1.3,8.8,74305,0.004205149972,2023
dorka juhász,38,24.2,6,2.5,5.2,47.2,0.3,1.3,27.1,0.7,1.3,54,1.7,4.8,6.5,2.6,0.9,0.6,1.2,12,65290,0.003694963214,2023
nikolina milić,39,12.7,5.9,2.3,4.9,46.4,0.2,0.6,36.4,1.2,1.4,80.4,0.7,1.7,2.4,0.8,0.1,0.1,1.1,5.4,90000,0.005093378608,2023
kia nurse,40,19.7,5.9,2,5.8,34.3,1.3,3.6,35,0.6,0.7,88.9,0.3,2,2.3,1.3,0.6,0.1,0.7,5.5,142500,0.008064516129,2023
danielle robinson,32,21.6,5.8,2.2,4.8,46.1,0.3,1,29,1.1,1.5,75,0.3,1.9,2.2,3.3,0.7,0.1,1.3,7.8,155000,0.008771929825,2023
emma cannon,30,10.5,5.8,2,4.5,45.5,0.4,1.1,38.2,1.3,1.5,90.9,0.8,2.3,3.1,0.5,0.1,0.1,1.1,6,80000,0.004527447651,2023
tyasha harris,40,16.7,5.8,2.2,5.2,41.6,1,2.1,46.4,0.4,0.6,68,0.1,0.7,0.9,1.7,0.7,0.1,1,4.8,83194,0.004708205999,2023
myisha hines-allen,35,17.6,5.6,2.1,6.1,34,0.5,1.9,27.3,0.9,1.3,71.7,1.1,3.3,4.4,2.2,0.7,0.2,1.5,7.1,175100,0.009909451047,2023
li meng,34,15.9,5.6,1.8,4.8,37.8,1.3,3.6,36.4,0.6,0.8,84.6,0.2,0.9,1.1,1,0.3,0,0.8,4.1,62285,0.003524900962,2023
rachel banham,32,13.6,5.5,1.9,5.2,37,1.3,3.3,40.2,0.3,0.4,78.6,0.1,0.9,1,1.7,0.3,0.1,1.1,4.2,74305,0.004205149972,2023
victoria vivians,38,17.7,5.2,1.9,5.1,38,0.7,2.5,28.7,0.6,0.8,76.7,0.5,2.6,3.1,1.3,0.7,0.2,0.8,6.3,135000,0.007640067912,2023
mercedes russell,37,19.1,5,2.2,4.2,51.6,0,0,0,0.6,1,60.5,1.1,3,4,1.3,0.4,0.5,1.5,7.3,160000,0.009054895303,2023
queen egbo,37,12.8,4.8,2,4,50,0,0,0,0.8,1.3,63.8,1.1,3.2,4.3,0.3,0.4,0.6,0.9,7,67634,0.003827617431,2023
asia (ad) durr,36,10.9,4.8,1.7,4.5,38,0.5,1.6,32.2,0.8,1.1,76.9,0.1,1,1.1,0.7,0.3,0.1,0.8,3.1,74305,0.004205149972,2023
monique billings,39,16.7,4.8,1.7,4.3,40.7,0,0.1,0,1.3,1.6,83.6,1.4,3.6,5,0.8,0.4,0.3,1,7.5,145000,0.008205998868,2023
zia cooke,39,14.1,4.8,1.7,5.8,28.9,0.5,1.8,26.1,1,1.2,81.3,0.3,0.7,0.9,0.8,0.3,0.3,0.7,2.1,68295,0.003865025467,2023
lexie hull,30,20.6,4.6,1.8,4.8,37.2,0.4,2,21.7,0.6,0.7,77.3,1.2,1.6,2.7,1.1,1,0.3,1,5.5,70609,0.00399598189,2023
olivia nelson-ododa,39,15,4.5,1.7,3.1,53.7,0,0,0,1.2,1.7,70.8,1.3,2.4,3.7,0.6,0.5,0.8,0.8,7.5,64657,0.003659139785,2023
kayla thornton,40,17.3,4.5,1.6,3.8,43.3,0.6,2,31.3,0.6,0.8,76.7,1.2,2.3,3.5,0.7,0.7,0.3,0.5,6.8,109716,0.006209168081,2023
morgan bertsch,28,14.2,4.4,1.7,3.7,45.6,0.6,1.3,44.4,0.4,0.6,75,0.4,1.3,1.7,0.7,0.4,0.3,1.1,4.1,62285,0.003524900962,2023
grace berger,36,14.6,4.2,1.6,3.5,44.9,0.4,0.9,47.1,0.6,0.7,84,0.2,1.4,1.6,1.9,0.5,0.2,1,5.2,71300,0.004035087719,2023
naz hillmon,40,13.5,4.1,1.5,2.9,50.9,0,0,0,1.2,1.4,85.2,1.3,2.2,3.4,0.7,0.2,0.1,1,5.9,64657,0.003659139785,2023
dulcy fankam mendjiadeu,34,13.8,3.9,1.6,3.1,52.3,0,0,0,0.6,1.2,55,1.7,2.7,4.4,0.4,0.4,0.3,0.9,6.5,65290,0.003694963214,2023
robyn parks,37,13.6,3.9,1.4,3.8,38.1,0.9,2.4,36.8,0.2,0.2,100,0.4,1.2,1.6,0.4,0.3,0.1,0.5,3.6,62285,0.003524900962,2023
maddy siegrist,39,8.2,3.7,1.5,2.9,50.9,0.1,0.4,33.3,0.7,0.7,93.1,0.9,0.6,1.6,0.2,0.2,0.2,0.2,4.2,74305,0.004205149972,2023
haley jones,40,14.6,3.7,1.4,4.2,33.7,0.2,0.7,21.4,0.8,1,75.6,0.4,2,2.4,2.3,0.4,0.3,1.4,4.7,71300,0.004035087719,2023
kierstan bell,36,11.8,3.7,1.5,4.3,34.6,0.6,2.3,24.4,0.2,0.3,60,0.4,1.2,1.6,0.5,0.4,0.1,0.4,3,67634,0.003827617431,2023
rae burrell,29,11.1,3.6,1.2,3.2,38.7,0.6,1.4,39,0.6,0.7,81,0.4,0.8,1.2,0.6,0.4,0.1,0.5,3.4,1219,6.90E-05,2023
rae burrell,29,11.1,3.6,1.2,3.2,38.7,0.6,1.4,39,0.6,0.7,81,0.4,0.8,1.2,0.6,0.4,0.1,0.5,3.4,34934,0.001977023203,2023
brianna turner,40,26.3,3.5,1.7,2.6,65,0,0,0,0.2,0.3,50,1.3,5.1,6.3,1.3,1,1.1,1.5,10.6,150000,0.008488964346,2023
joyner holmes,34,10.4,3.3,1.2,3.2,37.3,0.4,1.4,31.3,0.5,0.6,76.2,0.7,1.8,2.5,0.8,0.3,0.3,0.6,4.4,13569,0.0007679117148,2023
joyner holmes,34,10.4,3.3,1.2,3.2,37.3,0.4,1.4,31.3,0.5,0.6,76.2,0.7,1.8,2.5,0.8,0.3,0.3,0.6,4.4,60736,0.003437238257,2023
bridget carleton,38,15.1,3.2,1.1,3.1,34.5,0.8,2.3,33.7,0.3,0.4,73.3,0.5,1.8,2.3,0.9,0.3,0.1,0.4,4.3,91000,0.005149971703,2023
jasmine thomas,32,12.8,2.7,0.9,3.4,27.3,0.5,1.9,24.2,0.3,0.3,90.9,0.3,0.8,1.1,1.3,0.3,0.2,0.7,2.3,190000,0.01075268817,2023
jade melbourne,29,10.6,2.6,0.9,2.2,39.1,0.1,0.7,15,0.8,1,79.3,0.2,1,1.2,1.2,0.4,0,0.9,3,62285,0.003524900962,2023
awak kuier,37,10.8,2.6,1,2.5,39.6,0.1,0.6,8.7,0.6,0.7,77.8,0.6,1.9,2.5,0.5,0.2,0.6,0.6,4.2,78586,0.004447425014,2023
veronica burton,40,13.9,2.4,0.6,2.1,29.4,0.3,1.2,27.1,0.8,0.9,91.2,0.6,1.2,1.8,2.2,0.7,0.3,0.4,5.3,70609,0.00399598189,2023
cayla george,32,8.6,2.3,0.9,3.3,28.8,0.5,2,23.4,0,0.1,0,0.5,1.3,1.8,0.4,0.3,0.2,0.8,1.8,74305,0.004205149972,2023
nyara sabally,33,7.9,2.3,0.8,1.8,42.4,0.1,0.3,22.2,0.7,1,75,0.6,1.5,2.1,0.2,0.1,0.2,0.5,3.2,71300,0.004035087719,2023
kiah stokes,40,19.8,2.2,0.9,2.1,43.4,0.1,0.7,18.5,0.2,0.5,50,1.1,4.7,5.9,0.6,0.7,1,0.4,8.4,81000,0.004584040747,2023
odyssey sims,28,12,2,0.8,2.5,30.4,0.1,0.5,13.3,0.4,0.7,55,0.3,1,1.3,2.2,0.4,0,0.6,3.3,48460,0.002742501415,2023
odyssey sims,28,12,2,0.8,2.5,30.4,0.1,0.5,13.3,0.4,0.7,55,0.3,1,1.3,2.2,0.4,0,0.6,3.3,4361,0.0002468024901,2023
maya caldwell,30,10.1,1.9,0.7,2.4,29.2,0.1,1,13.8,0.4,0.5,85.7,0.3,0.6,0.9,0.6,0.3,0.1,0.7,1.4,68000,0.003848330504,2023
amanda zahui b,34,7.4,1.7,0.5,2.1,25.7,0.2,1.1,16.2,0.4,0.6,75,0.2,0.9,1.1,0.3,0.2,0.5,0.4,1.7,74305,0.004205149972,2023
kadi sissoko,40,8.4,1.5,0.6,1.6,37.1,0.1,0.5,16.7,0.3,0.4,62.5,0.4,1.1,1.6,0.2,0.1,0.1,0.7,1.7,62285,0.003524900962,2023
sydney colson,28,4.8,1.3,0.4,1,44.4,0.2,0.6,37.5,0.2,0.2,83.3,0.1,0.3,0.4,0.8,0.3,0,0.2,2,74305,0.004205149972,2023
jocelyn willoughby,29,6.6,1.2,0.4,1,40,0.2,0.6,43.8,0.1,0.1,100,0.3,0.4,0.8,0.4,0.1,0,0.3,1.6,79690,0.004509903792,2023
breanna stewart,34,30.9,21.8,7.5,15.9,47.2,2,5.2,37.9,4.8,5.8,83.7,1.4,6.2,7.6,2.9,1.6,0.9,1.3,24.1,228094,0.01101371318,2022
kelsey plum,36,32.8,20.2,6.8,14.8,46,3.1,7.5,42,3.5,4.1,83.9,0.3,2.4,2.7,5.1,1,0.1,2.6,17.8,180250,0.008703524867,2022
skylar diggins,30,34,19.7,6.9,16.2,42.9,1.3,4.5,29.6,4.5,5.3,84.4,0.9,3.1,4,5.5,1.5,1,2.7,19.1,227900,0.01100434573,2022
arike ogunbowale,30,31.4,19.7,6.8,17,40,2.8,7.9,35.2,3.3,4.1,79.8,0.6,2.7,3.3,3.6,1.5,0.1,1.8,15.3,72141,0.003483389667,2022
a'ja wilson,36,30,19.5,7.2,14.4,50.1,0.9,2.3,37.3,4.2,5.2,81.3,1.8,7.6,9.4,2.1,1.4,1.9,1.7,24.6,196267,0.009476919363,2022
kelsey mitchell,31,32.6,18.4,6.3,14.4,43.8,2.3,5.7,40.9,3.4,3.9,86.1,0.5,1.5,1.9,4.2,0.9,0.2,2.4,14.6,200000,0.009657170449,2022
nneka ogwumike,34,31.4,18.1,7.3,13.5,54.4,0.6,1.7,36.8,2.8,3.4,82.6,1.4,5.2,6.6,2,1.7,0.4,1.8,20.2,196267,0.009476919363,2022
sabrina ionescu,36,32.3,17.4,5.9,14.3,41.1,2.3,6.9,33.3,3.4,3.6,93.1,1,6.1,7.1,6.3,1.1,0.3,3,20.5,76297,0.003684065669,2022
diana taurasi,31,31,16.7,4.8,13,37.3,3,8.8,33.7,4.1,4.6,89.4,0.3,3.2,3.4,3.9,0.7,0.6,2.7,14,228094,0.01101371318,2022
jewell loyd,36,30.3,16.3,5.6,14.1,39.6,2.3,6.1,38.5,2.8,3.1,89.3,0.6,2.1,2.6,3.4,1.1,0.2,2.2,12.5,228094,0.01101371318,2022
rhyne howard,34,31.4,16.2,5.4,15,36.1,2.5,7.3,34.3,2.9,3.7,79.2,0.8,3.7,4.5,2.8,1.6,0.8,1.6,14.1,72141,0.003483389667,2022
jackie young,34,33.2,15.9,5.6,11.8,47.6,1.5,3.4,43.1,3.2,3.8,85.9,1.3,3.1,4.4,3.9,1.4,0.2,1.3,17.9,72141,0.003483389667,2022
kahleah copper,31,28.7,15.7,5.7,11.8,48.1,1.2,3.3,35.6,3.2,4.2,77.5,1,4.6,5.7,2.3,0.5,0,2,15.1,200000,0.009657170449,2022
natasha howard,35,29.9,15.1,5.9,12.2,48.2,0.9,2.6,32.6,2.5,3.5,71.5,2,5.3,7.3,2.3,1.3,1,3.2,16.5,221450,0.01069290198,2022
tina charles,34,28.9,14.8,5.8,12.7,45.7,1.1,3.2,35.5,2,2.4,82.7,1.5,5.8,7.3,2,0.7,0.7,2.1,16,56673,0.002736504104,2022
tina charles,34,28.9,14.8,5.8,12.7,45.7,1.1,3.2,35.5,2,2.4,82.7,1.5,5.8,7.3,2,0.7,0.7,2.1,16,34285,0.001655480444,2022
ariel atkins,36,30,14.6,5.1,12.2,42,1.9,5.3,36.5,2.4,2.9,84.5,0.9,2.3,3.3,2.3,1.3,0.3,1.4,12.8,170000,0.008208594882,2022
jonquel jones,33,26.4,14.6,5.3,10.4,51.3,1.2,3.4,36.9,2.7,3.4,80.2,2.6,6,8.6,1.8,1.1,1.2,2.6,18.9,205000,0.00989859971,2022
aerial powers,35,26.9,14.4,4.9,12.6,38.5,0.9,3.1,30.8,3.8,4.6,81.5,1.3,3.4,4.7,2.9,1.2,0.3,2.6,12.3,196267,0.009476919363,2022
sylvia fowles,30,27.7,14.4,6.1,9.9,62.2,0,0,0,2.1,3.2,66,2.5,7.3,9.8,1.2,1,1.2,2.1,20.7,200000,0.009657170449,2022
brionna jones,36,25.1,13.8,5.2,9.1,56.9,0,0.2,0,3.4,4.1,84.4,2.6,2.5,5.1,1.2,1.2,0.4,1.5,15.7,120000,0.005794302269,2022
chelsea gray,35,29.7,13.7,5.2,10.7,49.1,1,2.9,34,2.3,2.5,91,0.3,2.9,3.2,6.1,1.6,0.3,2.3,17,206267,0.009959777885,2022
marina mabrey,34,28,13.6,5.2,12.5,42,1.8,5.1,35.1,1.4,2,68.1,0.6,3.1,3.6,3.7,0.8,0.4,2.4,11.9,72141,0.003483389667,2022
nalyssa smith,32,30.7,13.5,5,11.9,41.9,1.2,3,38.1,2.4,3.8,61.8,2.2,5.7,7.9,1.4,0.5,0.3,2.4,12.8,72141,0.003483389667,2022
dewanna bonner,33,30,13.5,4.7,10.8,43.9,1.4,4.2,32.9,2.6,3.2,82.7,0.8,4,4.7,2.8,1.2,0.3,1.6,14.4,227900,0.01100434573,2022
alyssa thomas,36,32.1,13.4,5.2,10.4,50,0,0.1,0,3,4.1,73,2.1,6.1,8.2,6.1,1.7,0.2,2.9,20.4,206000,0.009946885563,2022
allisha gray,33,32.9,13.3,4.4,10.5,42.3,1.9,4.8,40.8,2.5,3.2,79.8,0.9,3.9,4.8,2.5,1.1,0.7,1.3,14.6,164800,0.00795750845,2022
kayla mcbride,31,29.8,13.3,4.4,10.9,40.5,1.5,4.3,35.6,2.9,3.2,90.9,0.5,2.3,2.8,2.1,1,0.1,1.5,11,196267,0.009476919363,2022
candace parker,32,28.3,13.2,5,10.8,45.8,1.3,4.2,31.1,1.9,2.4,81.6,0.9,7.7,8.6,4.5,1,1,2.4,19.5,195000,0.009415741188,2022
diamond deshields,30,25.3,13.1,4.7,12.2,38.8,0.7,3,23.6,2.9,3.8,76.5,0.6,3.2,3.8,2.2,1,0.5,2.3,10,150000,0.007242877837,2022
brittney sykes,32,28.8,12.7,4.8,11,43.3,0.4,1.6,26.9,2.7,3.5,77,0.7,2.9,3.7,3.7,2,0.7,2.6,13.1,113300,0.005470787059,2022
sophie cunningham,28,29.5,12.6,4.3,9.5,44.9,2.5,6.3,40,1.5,1.7,87.5,0.7,3.7,4.4,1.6,1,0.4,1,13.4,75000,0.003621438918,2022
emma meesseman,36,28.6,12.4,5.4,9.4,57.1,0.4,1.1,34.2,1.3,1.5,88.7,1.7,3.8,5.6,3.8,1.4,0.8,1.4,18.4,185000,0.008932882665,2022
cheyenne parker-tyus,36,26.2,11.8,4.9,9.8,50,0.3,1.5,21.8,1.7,2.2,79.5,1.6,4.5,6.2,2,1,0.9,2,14.6,190550,0.009200869145,2022
courtney vandersloot,32,26.5,11.8,4.3,8.8,48.1,0.9,2.5,36.7,2.3,3.1,76.5,0.7,3.2,3.9,6.5,1.2,0.5,2.7,15.8,195000,0.009415741188,2022
allie quigley,34,26.3,11.4,3.8,8.9,42.8,1.5,4.1,35.5,2.2,2.4,95,0.5,2,2.5,2.9,0.7,0.2,1.3,11.1,135000,0.006518590053,2022
courtney williams,34,27.9,11.1,4.9,11.4,42.6,0.6,1.9,33.8,0.8,1.1,75,0.9,3.7,4.6,3.3,1,0.4,1.7,11.9,103000,0.004973442781,2022
aari mcdonald,36,24.3,11.1,3.6,8.9,41.1,1.3,3.9,33.8,2.4,2.8,87.1,0.4,1.8,2.3,2.6,1.5,0,2.1,9.7,71441,0.00344958957,2022
teaira mccowan,33,18.9,11,4.2,7,60.2,0,0,0,2.5,4.2,60,3,4.1,7,0.8,0.3,0.7,1.7,13.6,72141,0.003483389667,2022
natasha cloud,34,31.3,10.7,3.6,9.1,39.9,1.3,4,31.9,2.2,2.7,82.4,0.5,3.1,3.6,7,1,0.3,2.8,14,185000,0.008932882665,2022
azurá stevens,35,21.9,10.6,4.3,9.1,47.2,1.2,3.3,36.2,0.8,1.1,74.4,0.6,3.3,3.9,0.8,0.5,1.1,0.7,11.1,140000,0.006760019314,2022
moriah jefferson,31,26.1,10.4,3.8,8.4,45.2,1.2,2.5,47.4,1.7,2.1,81.5,0.4,2.1,2.4,4.7,1.2,0.1,2.2,11.7,170953,0.008254611299,2022
moriah jefferson,31,26.1,10.4,3.8,8.4,45.2,1.2,2.5,47.4,1.7,2.1,81.5,0.4,2.1,2.4,4.7,1.2,0.1,2.2,11.7,67141,0.003241960406,2022
shey peddy,34,28.6,9.9,3.4,8.2,41.8,1.4,4.3,32.9,1.6,1.9,88.9,1.3,2.4,3.8,3.4,1.6,0.2,1.4,12.5,72141,0.003483389667,2022
victoria vivians,35,26.9,9.8,3.6,10.7,33.6,1.3,4.5,28,1.3,1.8,74.2,0.7,2.9,3.6,2.4,1.1,0.3,2.1,7.5,72141,0.003483389667,2022
katie lou samuelson,32,29.5,9.7,3.3,9,37.3,1.8,5,35.2,1.3,1.5,83.7,0.5,2.4,3,1.9,1,0.2,1.1,8.9,72141,0.003483389667,2022
ezi magbegor,33,24.8,9.5,4,7.3,55,0.3,0.9,34.5,1.2,1.6,73.6,1.6,4,5.6,1.4,0.9,1.8,1.4,14,60471,0.002919893771,2022
dearica hamby,34,26.5,9.3,3.4,7.3,46.6,0.5,2.1,21.9,2,2.7,72,1.4,5.6,7.1,1.1,1.1,0.1,1.5,12.5,152800,0.007378078223,2022
jordin canada,32,27,9.2,3.3,8.5,38.4,0.2,1.6,14,2.5,3.1,80.6,0.2,2.1,2.3,5.5,1.4,0.2,2.3,10.3,98000,0.00473201352,2022
natisha hiedeman,36,25,9.1,3.3,7.6,43.1,1.9,4.7,41.1,0.7,0.8,80,0.2,1.6,1.8,3.3,1.2,0.1,1.3,9.6,72141,0.003483389667,2022
myisha hines-allen,34,19.3,8.9,3.4,8.1,41.5,0.9,2.3,36.7,1.3,1.9,70.3,1.1,4.2,5.3,1.9,0.8,0.3,1.7,10.1,170000,0.008208594882,2022
isabelle harrison,35,18.4,8.7,3.3,7.1,46.6,0.1,0.1,100,2.1,2.4,86.7,1.4,2.9,4.3,1.3,0.7,0.1,1.3,9.8,159000,0.007677450507,2022
shakira austin,36,21.6,8.7,3.4,6.2,54.7,0,0,0,1.9,3,62.4,1.8,4.7,6.4,0.9,0.8,0.8,1.5,12.2,72141,0.003483389667,2022
han xu,32,16.8,8.5,3.4,6.9,49.3,0.5,1.1,44.4,1.2,1.5,79.6,1.2,2.4,3.6,0.9,0.5,0.7,0.7,9.7,60471,0.002919893771,2022
rebekah gardner,35,21.7,8.4,3.3,6.1,54.2,0.4,1.2,35.7,1.4,1.7,80,1.3,2,3.3,1.3,1.4,0.5,1.6,10.2,60471,0.002919893771,2022
erica wheeler,30,26.3,8.4,3.3,9.2,35.5,0.8,2.4,32.9,1,1.4,75.6,0.6,2.5,3.1,3.9,1.1,0.1,2.5,7.7,185400,0.008952197006,2022
jessica shepard,36,26.1,8.1,3,6,50.2,0.2,0.6,26.1,1.9,2.6,73.4,2,5.4,7.4,3,0.4,0.3,1.7,13.8,60471,0.002919893771,2022
stefanie dolson,36,22.9,8.1,3.1,6.4,49.3,0.7,1.8,39.4,1.1,1.2,90.5,1.2,3.6,4.8,1.8,0.4,0.8,1.6,10.9,160000,0.007725736359,2022
alysha clark,29,26.4,8,3.1,6.8,46.4,1,3.4,30.3,0.7,0.8,91.3,0.8,3.7,4.5,2,1,0.3,1.3,10.8,183000,0.008836310961,2022
kayla thornton,36,29.2,8,2.7,5.8,46.9,0.7,2.1,32.5,1.9,2.3,82.9,1.8,4.1,5.9,1.8,1.1,0.6,1.2,12.7,107040,0.005168517624,2022
rachel banham,36,17.5,7.9,2.8,6.5,43,1.6,4.1,38.3,0.7,0.8,80,0.1,1.3,1.3,2.3,0.3,0.1,1.3,6.6,72141,0.003483389667,2022
sue bird,31,26.4,7.8,2.7,6.8,40.3,1.8,4.6,38.9,0.5,0.5,100,0.2,1.7,1.9,6,1.2,0.1,1.9,11,72141,0.003483389667,2022
gabby williams,36,25.6,7.5,3,6.8,44.4,0.5,1.9,25.7,1,1.3,77.8,1.2,3.8,5,3.1,1.5,0.4,1.4,11.9,144000,0.006953162723,2022
danielle robinson,31,23.6,7.4,2.7,6.5,41.9,0.3,1.3,22.5,1.6,1.9,85,0.4,2.5,2.9,3.8,0.7,0.2,1.6,9.3,155000,0.007484307098,2022
queen egbo,33,21.8,7.2,2.9,6.5,44.2,0,0,0,1.5,2.3,64.5,1.8,4.5,6.3,0.9,0.9,1.2,1.9,10.2,66306,0.003201641719,2022
lexie brown,34,25,7.1,2.7,6.2,44.1,1.6,3.9,39.8,0.1,0.2,66.7,0.2,2.1,2.3,2.1,1,0.2,0.8,8.4,72141,0.003483389667,2022
chiney ogwumike,26,18.4,7,2.7,5.7,46.6,0.3,0.7,44.4,1.4,2,70.6,2,3.5,5.5,1.1,0.7,0.3,1.4,9.6,116390,0.005618541767,2022
shatori walker-kimbrough,35,20.1,6.9,2.3,5.7,40.2,0.7,2.1,34.7,1.6,1.7,90.2,0.3,1.5,1.8,1.5,1.1,0.3,1.1,6.9,72141,0.003483389667,2022
dijonai carrington,36,17.5,6.8,2.3,5.6,41.4,0.5,1.7,30.6,1.6,2.1,75,1.1,2.1,3.1,1.1,0.8,0.1,1.6,6.4,62774,0.003031096089,2022
kristy wallace,29,20.8,6.6,2.3,5.6,40.7,0.9,2.3,36.8,1.1,1.4,78.6,0.6,1.7,2.3,2.2,0.6,0.2,1.5,6.7,63389,0.003060791888,2022
tiffany mitchell,34,16.3,6.5,2.4,5.4,45.1,0.4,0.9,38.7,1.3,1.5,86.5,0.6,0.6,1.2,1.2,0.8,0.1,0.9,5.7,148400,0.007165620473,2022
sami whitcomb,35,21.3,6.5,2.1,5.7,36.8,1.7,4.8,35.1,0.6,0.7,87,0.3,2.1,2.3,2.3,0.7,0.1,1.4,6.9,150350,0.007259777885,2022
nikolina milić,31,11.7,6,2.4,4.4,54.8,0.2,0.7,27.3,1,1.4,73.8,1.5,1.5,3,0.7,0.3,0.3,1.4,6.6,42359,0.002045340415,2022
crystal dangerfield,33,21.5,5.5,2,5,39.8,0.7,2.2,32.4,0.8,1,73.5,0.4,1.6,2,2.6,0.5,0.1,0.9,6.5,2694,0.0001300820859,2022
crystal dangerfield,33,21.5,5.5,2,5,39.8,0.7,2.2,32.4,0.8,1,73.5,0.4,1.6,2,2.6,0.5,0.1,0.9,6.5,16166,0.0007805890874,2022
crystal dangerfield,33,21.5,5.5,2,5,39.8,0.7,2.2,32.4,0.8,1,73.5,0.4,1.6,2,2.6,0.5,0.1,0.9,6.5,25745,0.001243119266,2022
elizabeth williams,30,14.9,5.4,2.3,4.7,48.2,0,0,0,0.8,1.4,58.1,1.5,2.3,3.8,0.5,0.6,0.6,0.6,7.2,90000,0.004345726702,2022
destanni henderson,36,16.4,5.3,2,4.9,40.1,0.7,2,36.6,0.6,0.9,71.9,0.8,0.8,1.6,2.5,0.8,0.1,1.7,5.3,63389,0.003060791888,2022
emily engstler,35,18.2,5.2,2.1,5.2,39.6,0.5,1.3,35.6,0.6,1.1,55.3,2.1,3.1,5.2,1.5,0.8,1.1,1.4,8.7,72141,0.003483389667,2022
stephanie talbot,34,16.1,5,1.9,4.1,46.4,0.9,2.1,39.7,0.4,0.7,58.3,0.7,2.5,3.1,1.3,0.7,0.3,1.1,7,72141,0.003483389667,2022
tyasha harris,35,15.8,5,2,4.7,41.8,0.5,1.5,31.5,0.5,0.7,79.2,0.2,0.7,0.9,2.8,0.4,0.1,1.1,5.2,73211,0.003535055529,2022
michaela onyenwere,34,13.7,4.7,1.4,3.8,37.7,0.4,1.5,30,1.4,1.6,83.6,0.4,1.7,2.1,0.4,0.4,0.2,0.7,4.4,68552,0.003310091743,2022
naz hillmon,34,19.8,4.4,1.7,3.6,48,0,0.1,0,0.9,1.1,82.1,1.5,3.5,5.1,1.2,0.6,0.3,1.2,8.4,63389,0.003060791888,2022
bridget carleton,36,16.8,4.3,1.5,3.8,40,0.8,2.3,34.9,0.5,0.7,73.1,0.3,1.8,2.1,1.1,0.4,0.1,0.6,5.1,72141,0.003483389667,2022
brianna turner,35,33.4,4.3,1.9,3.2,60.7,0,0,0,0.4,0.9,50,2,4.8,6.8,2.3,1.3,1.6,1.4,13.1,72141,0.003483389667,2022
dana evans,33,11.5,4.3,1.5,3.9,37.7,0.7,2,32.8,0.7,0.8,88,0.2,0.7,0.8,1.2,0.3,0.1,0.8,3.4,62774,0.003031096089,2022
olivia nelson-ododa,30,14.5,4,1.6,2.8,56,0,0,0,0.9,1.2,70.3,1.1,1.8,3,0.4,0.3,0.8,1,5.8,63389,0.003060791888,2022
theresa plaisance,31,12.9,4,1.4,3.7,37.1,1,2.9,34.8,0.2,0.3,70,0.5,2.1,2.6,0.5,0.3,0.4,0.6,4.6,72141,0.003483389667,2022
epiphanny prince,33,12.3,3.9,1.3,3.8,35.5,0.6,1.8,35.6,0.6,0.8,84,0.2,0.8,1,1.8,0.6,0.1,0.5,4.4,72141,0.003483389667,2022
lexie hull,26,12.8,3.8,1.1,4,26.7,0.3,1.7,18.6,1.4,1.5,90,0.4,1.1,1.5,0.7,0.6,0.1,0.7,2.9,69224,0.003342539836,2022
jantel lavender,27,12.2,3.8,1.7,4.1,40.9,0.2,0.9,20.8,0.3,0.4,66.7,1,2.3,3.3,0.9,0.1,0.1,0.9,4.8,114000,0..005504587156,2022
megan gustafson,33,9.6,3.8,1.5,2.8,54.9,0.4,0.8,46.2,0.4,0.5,76.5,0.5,1.4,1.9,0.5,0.2,0.2,0.7,4.5,72141,0.003483389667,2022
briann january,36,16.9,3.7,1.3,3.4,37.7,0.6,2.1,31.1,0.5,0.6,82.6,0.2,0.8,1,2.4,0.6,0.2,1.5,4.3,140000,0.006760019314,2022
awak kuier,33,12.6,2.8,1,2.6,39.5,0.1,0.6,19,0.6,0.9,61.3,0.7,1.8,2.5,0.9,0.4,0.9,0.6,4.9,71441,0.00344958957,2022
veronica burton,36,15.3,2.6,0.7,2.1,32.9,0.3,1.2,27.9,0.9,0.9,100,0.5,1,1.5,1.9,0.9,0.3,1,4.8,69224,0.003342539836,2022
kia vaughn,29,13.8,2.5,1.1,2.8,40,0,0,0,0.3,0.4,69.2,1,2.2,3.2,0.9,0.3,0.3,1.2,4.2,110000,0.005311443747,2022
kiah stokes,31,15.4,2.3,0.8,2,42.6,0.2,0.8,20.8,0.4,0.5,81.3,0.9,3.5,4.4,0.6,0.5,0.8,0.6,6.7,115000,0.005552873008,2022
reshanda gray,27,8.8,2.2,0.9,2.1,43.9,0.1,0.5,21.4,0.2,0.3,66.7,0.6,1.4,2,0.4,0.3,0.2,1,2.7,56427,0.002724625785,2022
nia clouden,28,8.9,2.1,0.6,1.9,34,0.4,1,41.4,0.4,0.6,58.8,0.1,0.8,0.8,0.8,0.2,0,0.4,2,69446,0.003353259295,2022
joyner holmes,26,7.9,2,0.7,2.3,31.1,0.2,0.8,22.7,0.4,0.5,76.9,0.2,1.1,1.3,0.5,0.3,0.1,0.7,1.8,30535,0.001474408498,2022
joyner holmes,26,7.9,2,0.7,2.3,31.1,0.2,0.8,22.7,0.4,0.5,76.9,0.2,1.1,1.3,0.5,0.3,0.1,0.7,1.8,14968,0.0007227426364,2022
joyner holmes,26,7.9,2,0.7,2.3,31.1,0.2,0.8,22.7,0.4,0.5,76.9,0.2,1.1,1.3,0.5,0.3,0.1,0.7,1.8,12573,0.0006070980203,2022
rui machida,36,12.9,1.8,0.7,2.3,31,0.2,0.9,20.6,0.2,0.3,66.7,0.2,0.9,1.1,2.6,0.4,0.1,1.1,3.3,60471,0.002919893771,2022
jasmine walker,32,8.8,1.6,0.6,2.4,25,0.3,1.6,20,0.1,0.1,100,0.4,1.1,1.5,0.2,0.2,0.1,0.5,1.3,70000,0.003380009657,2022
tina charles,27,33.3,23.4,8.8,19.6,44.9,1.9,5.1,36.5,3.9,4.7,82,2.7,6.9,9.6,2.1,0.9,0.9,2.2,23,175000,0.01051051051,2021
brittney griner,30,32.8,20.5,8.3,14.4,57.5,0.1,0.3,44.4,3.8,4.5,84.6,2.4,7.1,9.5,2.7,0.4,1.9,2.2,26,221450,0.0133003003,2021
breanna stewart,28,33.4,20.3,6.9,15.8,43.9,1.7,5.1,33.3,4.8,5.6,84.7,1.2,8.3,9.5,2.7,1.2,1.8,1.7,24.1,190550,0.01144444444,2021
jonquel jones,27,31.7,19.4,7.1,13.8,51.5,1.6,4.3,36.2,3.6,4.5,80.2,2.5,8.7,11.2,2.8,1.3,1.3,2.9,25.4,190550,0.01144444444,2021
arike ogunbowale,32,31.3,18.7,6.2,16.3,38.3,2.5,6.7,37.6,3.8,4.4,86.4,0.7,2.5,3.2,3.3,1.2,0,2.1,13.6,58710,0.003526126126,2021
a'ja wilson,32,31.9,18.3,6.5,14.6,44.4,0,0,100,5.3,6,87.6,2,7.3,9.3,3.1,0.9,1.3,1.4,22.5,70040,0.004206606607,2021
jewell loyd,31,31,17.9,6.2,14.8,42,2.1,5.6,37.6,3.4,3.8,88.9,0.8,3.3,4,3.8,1.5,0.2,2.3,16.1,121500,0.007297297297,2021
kelsey mitchell,32,33.1,17.8,6.6,15.4,43.1,2.2,6.5,33.5,2.3,2.7,88.2,0.7,2,2.6,2.5,1.1,0.2,2,13.1,70040,0.004206606607,2021
skylar diggins,32,32.5,17.7,5.5,12.3,45.2,1.6,4.2,37,5.1,6.2,81.8,0.5,2.6,3.2,5.3,1.1,0.8,2.6,17.5,221450,0.0133003003,2021
betnijah laney-hamilton,32,33.7,16.8,6.3,14.1,45.1,1.1,3.4,31.2,3,3.8,78.7,0.8,3.3,4.1,5.2,0.7,0.1,3.7,14.6,209550,0.01258558559,2021
courtney williams,32,34.4,16.5,7.1,17.1,41.8,1.2,3.2,38.2,1.1,1.7,64.2,1.4,5.4,6.8,4,1.1,0.5,1.8,16.6,190550,0.01144444444,2021
ariel atkins,30,30.6,16.2,5.4,13.2,40.7,2.2,6.1,35.9,3.3,3.9,83.1,1.1,1.6,2.8,2.6,1.6,0.5,2,13.2,70040,0.004206606607,2021
napheesa collier,29,34.6,16.2,6,13.7,44.1,0.7,2.9,25.3,3.4,3.9,86,1.7,4.9,6.6,3.2,1.3,1.3,2.3,18,58710,0.003526126126,2021
sylvia fowles,31,30.1,16,6.7,10.5,64,0,0,0,2.6,3.4,75.5,2.1,8,10.1,1.4,1.8,1.8,2.3,24.2,117894,0.007080720721,2021
dewanna bonner,32,31.9,15.2,5,12.6,39.5,1.4,4.3,31.7,3.9,4.3,89.2,0.7,5.8,6.4,3.4,1.3,0.7,2.2,16.8,221450,0.0133003003,2021
kelsey plum,26,25.5,14.8,4.9,11.3,43.7,1.7,4.4,38.6,3.3,3.5,94.4,0.4,2.1,2.5,3.6,1,0,1.7,13.8,175000,0.01051051051,2021
brionna jones,32,30.6,14.7,6.1,10.6,57.1,0,0.1,0,2.6,3.2,79.6,3.2,4.2,7.3,1.8,1.4,0.5,2.2,18.3,120000,0.007207207207,2021
kahleah copper,32,30.8,14.4,5.4,11.8,45.9,0.8,2.7,30.6,2.8,3.4,81.8,1.2,3,4.2,1.8,0.9,0.3,1.9,12.6,165000,0.00990990991,2021
liz cambage,25,23.8,14.2,5.6,10.3,54.3,0.2,0.6,35.7,2.8,4,71,1.6,6.7,8.2,1.3,0.9,1.6,1.8,18.7,221450,0.133003003,2021
kayla mcbride,32,31.6,13.7,4.5,10.3,43.3,1.9,5,37.9,2.8,3.1,91,0.3,3.3,3.6,2.3,0.8,0.2,1.1,13.3,190550,0.01144444444,2021
erica wheeler,32,30.2,13.6,5,12,41.7,1,2.9,35.5,2.5,3.1,82.7,0.5,2.6,3.1,4.8,1.3,0.3,2.7,12.7,180000,0.01081081081,2021
candace parker,23,26.7,13.3,5,11,45.8,1,3.2,32.9,2.2,2.7,79.4,1.4,7,8.4,4,0.7,1.2,2.4,18.6,190000,0.01141141141,2021
marina mabrey,32,24.2,13.3,4.9,12.2,40.5,2,5.8,34.2,1.4,1.6,88.2,0.7,3.2,3.9,2.9,1,0.3,2.1,11.8,58710,0.003526126126,2021
allie quigley,26,24.4,13.2,4.7,10.4,44.8,2.1,4.6,45.4,1.8,1.9,95.9,0.7,2,2.7,2.3,0.5,0.3,1.2,12,194000,0.01165165165,2021
jackie young,32,31.8,12.2,4.8,9.6,50.5,0.2,0.6,25,2.3,2.8,83.3,0.7,3.4,4.1,3.2,1.1,0.3,1.5,14.3,60069,0.003607747748,2021
tiffany mitchell,28,27.3,12,3.8,9.1,42.1,0.4,1.7,25.5,3.9,4.5,88,0.9,2,2.9,2,0.6,0,1.9,9.8,144200,0.008660660661,2021
allisha gray,25,27.8,11.9,4.2,9.7,43.8,1.2,3.3,36.6,2.2,2.6,86.2,1.3,3.9,5.2,1.7,1,0.8,1.4,13.5,160000,0.00960960961,2021
sabrina ionescu,30,30,11.7,3.8,9.9,37.9,1.8,5.5,32.5,2.4,2.6,91.1,0.7,5,5.7,6.1,0.6,0.5,3.2,15,69360,0.004165765766,2021
sami whitcomb,30,28.1,11.7,4.1,8.7,47.3,2.5,6,42.5,0.9,1.1,81.8,0.3,4.7,5,2.7,1,0.3,2.1,13.9,150350,0.00903003003,2021
dearica hamby,29,24.5,11.6,4.4,8,54.5,0.3,1.2,25,2.6,3.9,65.5,1.1,5.5,6.7,1.7,1.1,0.1,1.5,14.7,152300,0.009147147147,2021
diamond deshields,32,26.9,11.3,3.8,9.8,39.3,0.8,2.5,30,2.8,3.5,82,0.4,3.1,3.5,2.3,1.2,0.4,1.9,10.3,70040,0.004206606607,2021
teaira mccowan,32,26.5,11.3,4.3,8,53.7,0,0,0,2.7,4.1,64.4,3.4,6.2,9.6,1.1,0.6,1.6,1.7,17.3,60069,0.003607747748,2021
chelsea gray,32,28.9,11.1,4.6,10.2,45.4,0.8,2.2,38,1,1.1,88.9,0.5,2.4,2.9,5.9,1.2,0.3,2.8,12.9,190550,0.01144444444,2021
isabelle harrison,28,23.8,10.9,4.6,8.6,53.8,0,0,0,1.7,2.1,78.3,1.6,4.3,5.9,1.1,1.1,0.7,1.5,13.8,154500,0.009279279279,2021
jasmine thomas,30,29.6,10.6,3.8,9.8,38.6,1.4,3.5,40,1.6,1.9,87.5,0.4,2,2.4,4,1.3,0.2,2.2,10.1,185000,0.01111111111,2021
riquna williams,32,26,10.5,3.6,8,44.4,2,4.7,41.7,1.4,1.6,92,0.2,2.4,2.6,1.6,0.8,0.4,0.7,10.6,145000,0.008708708709,2021
courtney vandersloot,32,30.5,10.5,4,9.3,43.3,1.1,3.3,34.6,1.3,1.5,85.7,0.5,2.9,3.4,8.6,1.7,0.4,3,16.1,200000,0.01201201201,2021
sue bird,30,27.7,10,3.5,8.2,43.1,2.2,5.3,41.9,0.7,0.8,83.3,0.3,2.3,2.6,5.3,0.9,0.1,1.6,12.6,221450,0.133003003,2021
danielle robinson,24,27.5,9.9,3.7,8.8,41.7,0.2,1,20,2.3,2.6,88.9,0.3,3.2,3.5,3.7,1.5,0.1,1.8,11.6,155000,0.009309309309,2021
kia nurse,32,26.1,9.5,3.1,8.5,35.9,1.8,5.2,35.3,1.5,1.9,79,0.4,3.1,3.5,1.8,0.5,0.1,1.5,8,70040,0.004206606607,2021
brittney sykes,32,29.3,9.4,3.6,8.9,40.5,0.3,1.3,26.2,1.9,2.5,77.2,1.2,3.4,4.6,2.2,1.8,0.5,1.4,11.2,110000,0.006606606607,2021
amanda zahui b,30,23.8,9.2,3.5,8.3,42.7,1,3.6,28,1.1,1.4,76.7,0.8,4.3,5.1,1,0.6,1.2,1.8,10.2,135000,0.008108108108,2021
rebecca allen,25,24.2,9.2,3,8.6,34.3,1.9,5,38.1,1.3,1.5,89.2,0.8,2.9,3.7,1.1,1.6,1.2,0.8,10.1,105037,0.006308528529,2021
te'a cooper,31,22,9.1,3.1,8.3,37.9,0.8,2.4,32.4,2,2.7,75,0.1,1.6,1.7,1.4,0.9,0.2,1.8,5.6,58170,0.00349369364,2021
crystal bradford,24,18.3,8.8,3.4,8,42.9,1.2,3.4,35.8,0.8,1.6,46.2,1.3,2.5,3.8,1.5,1.2,0.4,1,9.3,58170,0.00349369364,2021
odyssey sims,30,25.1,8.7,3.5,9.5,37,0.5,2.3,23.2,1.2,1.6,72.9,0.5,2,2.5,3.6,1.2,0.1,1.6,8.1,75000,0.004504504505,2021
odyssey sims,30,25.1,8.7,3.5,9.5,37,0.5,2.3,23.2,1.2,1.6,72.9,0.5,2,2.5,3.6,1.2,0.1,1.6,8.1,111520,0.006697897898,2021
natasha cloud,27,31.6,8.7,3,7.7,38.9,1,3.5,27.4,1.7,2,83.6,0.4,3.2,3.6,6.4,1.4,0.1,2.2,13,190000,0.01141141141,2021
michaela onyenwere,32,22.5,8.6,2.8,7.1,39.9,1.2,3.5,32.7,1.8,2.1,83.6,0.7,2.3,2.9,0.6,0.4,0.3,1.1,7.1,67208,0.004036516517,2021
nia coffey,32,25.2,8.3,2.9,6.9,42.1,1.6,3.8,41.7,0.9,1.1,77.8,0.6,3.3,3.8,0.9,0.8,1.2,1.4,9.3,70040,0.004206606607,2021
monique billings,31,23.8,8.1,3.2,6.5,49.5,0,0.1,0,1.7,2.5,67.5,2.8,3.6,6.5,1,1.2,1,1.4,12.3,70040,0.004206606607,2021
brianna turner,32,31.1,7.8,3.4,6.1,55.4,0,0,0,1,1.4,71.7,2.4,7,9.4,1.8,0.8,1.3,1.5,16.4,58710,0.003526126126,2021
crystal dangerfield,31,20.1,7.7,2.8,7.2,38.8,0.9,2.5,35.9,1.2,1.4,85.7,0.3,1.7,2,2.8,0.7,0.1,1.4,7.2,60946,0.00366042042,2021
damiris dantas,24,23.8,7.7,2.8,7.3,37.7,1.4,4.3,33.3,0.8,1,75,0.6,3.4,4,2.3,0.4,0.3,1.8,8.1,126000,0.007567567568,2021
natisha hiedeman,32,20.1,7.6,2.4,6.1,40,1.6,4,39.8,1.1,1.6,70,0.2,1.6,1.8,1.9,0.8,0.2,0.9,7.2,58710,0.003526126126,2021
kayla thornton,31,27.6,7.5,2.7,6.4,42.1,0.7,2,34.9,1.5,1.7,84.9,2.1,3.5,5.6,1.5,0.8,0.2,1,10.7,89200,0.005357357357,2021
stefanie dolson,24,20,7.5,3,6.1,48.6,0.8,2,40.4,0.8,0.8,94.7,0.7,2.9,3.5,1.3,0.3,0.8,1.3,8.8,175000,0.01051051051,2021
azurá stevens,30,19.6,7.4,3,6,50,0.5,1.5,33.3,0.9,1.1,81.3,1.6,2.9,4.6,0.8,0.8,0.7,0.9,10.1,70040,0.004206606607,2021
mercedes russell,30,24.7,7.3,3.1,5,61.7,0,0,0,1.2,1.6,76.6,1.7,4.5,6.1,1.6,0.9,0.4,1.2,12.9,70040,0.004206606607,2021
katie lou samuelson,27,21,7,2.7,5.9,45.6,1,2.7,35.1,0.7,1,73.1,0.4,3.1,3.5,1.7,0.7,0.3,1.1,8.6,60069,0.003607747748,2021
briann january,29,30.2,7,2.4,5.8,42.5,0.9,2.4,38,1.1,1.3,86.8,0.3,1.1,1.4,3.1,0.9,0.1,1.8,7.2,121500,0.007297297297,2021
victoria vivians,31,21.3,6.8,2.5,7.5,33.3,1,4.1,25.2,0.8,1,83.3,0.5,2.6,3.1,1.3,1.1,0.1,1.3,6,62014,0.003724564565,2021
ezi magbegor,30,15.2,6.7,2.7,5.3,50.9,0.2,0.3,55.6,1.1,1.3,84.6,1.5,2.3,3.8,0.8,0.6,0.9,0.9,9.2,58710,0.003526126126,2021
jantel lavender,27,20,6.4,2.8,7,40.4,0.1,0.7,20,0.7,0.7,90,1.7,2.2,3.9,1.5,0,0.1,1.4,6.4,175000,0.01051051051,2021
candice dupree,26,17.8,6.4,2.8,6.5,43.5,0,0.3,14.3,0.7,0.8,81.8,0.6,2.4,3,0.7,0.5,0.2,0.8,6,142000,0.008528529829,2021
theresa plaisance,31,18,6.4,2.3,6.5,35.1,1.1,3.7,30.2,0.7,0.9,81.5,0.7,3.7,4.4,1.4,0.8,0.7,1.2,8,70040,0.004206606607,2021
leilani mitchell,31,23.4,6.4,2.1,5.7,36,1.6,4.5,35.7,0.6,0.7,82.6,0.4,1.6,2,2.5,0.5,0.1,1.1,6.4,125250,0.007522522523,2021
aari mcdonald,30,16.4,6.3,1.9,5.8,32.2,1.1,3.5,30.8,1.5,1.7,88.2,0.3,1.3,1.6,2,0.8,0.2,1.2,5.6,70040,0.004206606607,2021
jazmine jones,27,16.6,5.9,2,5.5,35.6,0.7,1.7,38.3,1.3,1.7,76.1,0.4,2,2.4,1.1,0.5,0.4,1.6,4.8,63751,0.00382888889,2021
jessica breland,26,20.9,5.8,2.6,7,37,0.2,0.6,31.3,0.5,0.7,68.4,1.4,4.8,6.3,2,0.6,1.5,1.8,9.8,145000,0.008708708709,2021
elizabeth williams,32,23.8,5.8,2.5,4.8,51.6,0,0,0,0.8,1.7,50.9,2,2.9,4.9,1.2,1.1,1.3,0.8,10.5,119000,0.007147147147,2021
jordin canada,29,18.7,5.8,1.9,5,38.9,0.1,0.5,21.4,1.8,2.2,84.1,0.6,1.8,2.3,3,0.7,0.1,1.1,7.5,70040,0.004206606607,2021
ruthy hebard,30,16.8,5.8,2.4,4.6,52.9,0,0.1,0,0.9,1.1,79.4,1.4,3,4.4,0.8,0.7,0.7,0.6,9.3,66555,0.003997297297,2021
epiphanny prince,29,14.3,5.8,2,4.6,43.9,0.9,1.7,50,0.9,1,89.7,0.3,1.3,1.6,1.7,0.7,0.2,0.9,6.5,115000,0.006906906907,2021
stephanie talbot,30,17.9,5.7,2.3,4.8,48.3,0.9,2.2,41.5,0.2,0.3,75,0.4,2.5,2.9,1.6,0.5,0.4,1.6,6.9,70040,0.004206606607,2021
kylee shook,30,18.9,5.7,2.4,5.1,46.7,0.8,2,39.3,0.1,0.2,80,0.7,3.4,4,1.4,0.3,0.5,1.3,7.9,60946,0.00366042042,2021
sophie cunningham,30,17.5,5.6,2,4.5,43.7,1.1,2.6,41,0.6,0.9,70.4,0.3,1.7,2,1.1,0.5,0.2,0.5,6.1,58710,0.003526126126,2021
moriah jefferson,29,17.2,5.4,2.3,5.1,44.9,0.8,1.7,46,0.1,0.2,60,0.4,1.6,2,2.5,0.8,0.2,1.4,6.7,175100,0.01051651652,2021
lindsay allen,32,17.8,5.4,2,4.8,42.8,0.4,1.5,29.8,0.9,1.2,81.1,0.3,1.2,1.5,3,0.5,0.1,1,6.7,70040,0.004206606607,2021
shey peddy,32,17.5,5.4,1.9,4.6,41.2,0.8,2.5,33.3,0.7,0.8,92,0.8,1.6,2.3,2.5,0.9,0.1,1,7.4,58170,0.003493693694,2021
rachel banham,27,12.6,5,1.9,4.8,39.5,1,2.8,37.3,0.2,0.3,62.5,0.1,1.1,1.2,1.6,0.3,0.1,0.9,4.4,52042,0.003125645646,2021
rachel banham,27,12.6,5,1.9,4.8,39.5,1,2.8,37.3,0.2,0.3,62.5,0.1,1.1,1.2,1.6,0.3,0.1,0.9,4.4,31702,0.001904024024,2021
tianna hawkins,28,15.5,4.9,1.8,4.5,39.7,0.6,2.4,24.2,0.8,0.8,91.3,0.5,2.6,3.1,0.6,0.4,0.5,1.1,5.6,140000,0.008408408408,2021
bridget carleton,32,19.3,4.8,1.7,4.3,40.1,0.8,2.3,36.5,0.5,0.6,80,0.7,1.6,2.3,1.5,0.8,0.2,0.8,6,58710,0.003526126126,2021
kia vaughn,28,15.8,4.6,2.1,4.8,44.4,0,0,0,0.4,0.7,60,0.8,1.9,2.7,1.3,0.2,0.2,1.3,4.9,110000,0.006606606607,2021
megan walker,29,14.7,4.5,1.6,5.1,31.1,0.7,2.6,26.7,0.7,1,63.3,0.2,1.1,1.3,0.9,0.2,0.3,0.8,2.5,65459,0.003931471471,2021
sydney wiese,27,21.4,4.4,1.5,4.7,32.3,0.9,2.9,29.1,0.5,0.7,77.8,0.2,1.1,1.3,1.6,0.4,0,1,3.4,80000,0.004804804805,2021
tyasha harris,32,16.3,4.4,1.5,4.5,33.6,0.6,1.8,33.9,0.8,0.9,83.3,0.3,1.3,1.6,2.7,0.4,0.3,1,5.3,66555,0.003997297297,2021
shavonte zellous,28,15.8,4.3,1.5,4.1,37.7,0.4,1.5,24.4,0.9,1.1,80.6,0.6,1.8,2.4,1.6,0.4,0.2,0.8,5.3,70040,0.004206606607,2021
kaila charles,30,16.3,4.3,1.6,4.4,36.8,0.3,1.1,30.3,0.7,0.8,87.5,1.1,1.7,2.8,1.1,0.5,0.4,0.9,5.3,60946,0.00366042042,2021
erica mccall,23,15.5,4.1,1.6,3.2,50,0,0,0,0.9,1.4,62.5,1.4,2.9,4.3,0.6,0.3,0.4,0.9,6.7,72000,0.004324324324,2021
charli collier,28,12.3,3.4,1.4,3.1,46.5,0,0,0,0.6,0.8,69.6,1.1,2.5,3.6,0.2,0.1,0.2,0.5,5.3,70040,0.004206606607,2021
dana evans,29,7.6,3.3,0.9,2.7,34.2,0.6,1.6,40,0.8,0.9,88.5,0,0.3,0.4,1,0.2,0,0.6,2.4,61543,0.003696276276,2021
arella guirantes,25,11.6,3.2,1,3.8,27.4,0.2,1.1,22.2,0.8,1,80.8,0.2,1.1,1.3,0.6,0.3,0.2,0.5,2.1,61543,0.003696276276,2021
kennedy burke,23,7.7,2.9,1.1,2.4,44.6,0.3,0.8,33.3,0.4,0.7,62.5,0.3,0.5,0.8,0.3,0.3,0.1,0.5,2.3,58710,0.003526126126,2021
dijonai carrington,24,9.2,2.8,1.1,3.4,32.9,0.1,0.9,14.3,0.5,0.6,73.3,0.6,1.3,2,0.5,0.5,0.1,0.9,2.6,61543,0.003696276276,2021
lauren cox,26,11.7,2.6,1,2.5,38.5,0.1,0.3,25,0.6,0.8,80,0.6,2.3,3,0.5,0.5,0.6,0.6,4.9,34315,0.002060960961,2021
bella alarie,31,13.1,2.6,1,2.1,50,0,0.1,0,0.5,0.6,85,1.4,1.9,3.3,0.5,0.6,0.6,0.6,5.9,66555,0.003997297297,2021
shekinna stricklen,24,9.8,2.5,0.9,3.5,25.9,0.6,2.8,21.2,0.1,0.2,40,0.1,0.8,0.9,0.3,0.4,0.2,0.1,1.5,175100,0.01051651652,2021
didi richards,31,11.2,2.3,0.9,2.1,42.2,0.3,0.7,45.5,0.2,0.3,60,0.3,0.8,1.1,0.8,0.5,0.2,0.5,3.1,61543,0.003696276276,2021
jisu park,25,8.9,2,0.7,2.1,32.7,0,0.2,0,0.6,0.7,83.3,0.6,1.2,1.8,0.8,0.1,0.6,0.8,3.1,58170,0.003526126126,2021
beatrice mompremier,32,8.6,1.8,0.8,1.7,49.1,0,0,0,0.2,0.4,41.7,0.9,1.5,2.4,0.2,0.4,0.3,0.6,3.4,58710,0.003526126126,2021
kiah stokes,24,18.5,1.5,0.7,1.2,57.1,0,0.1,50,0.2,0.3,66.7,1.5,4,5.4,0.8,0.4,0.7,0.5,7.8,35200,0.002114114114,2021
kiah stokes,24,18.5,1.5,0.7,1.2,57.1,0,0.1,50,0.2,0.3,66.7,1.5,4,5.4,0.8,0.4,0.7,0.5,7.8,45000,0.002702702703,2021