,PLAYER,TEAM,AGE,GP,W,L,MIN,PTS,FGM,FGA,FG%,3:00 PM,3PA,3P%,FTM,FTA,FT%,OREB,DREB,REB,AST,TOV,STL,BLK,PF,FP,DD2,TD3,#ERROR!,SALARY,Player_Comp_Share
1,Lebron James,CLE,23,75,45,30,40.4,30,10.6,21.9,48.4,1.5,4.8,31.5,7.3,10.3,71.2,1.8,6.1,7.9,7.2,3.4,1.8,1.1,2.2,55.6,31,7,1.8,13041250,0.00260825
2,Kobe Bryant,LAL,29,82,57,25,38.9,28.3,9.5,20.6,45.9,1.8,5.1,36.1,7.6,9,84,1.1,5.2,6.3,5.4,3.1,1.8,0.5,2.8,47.8,20,0,7.3,19490625,0.003898125
3,Allen Iverson,DEN,33,82,50,32,41.8,26.4,8.7,19,45.8,1.2,3.4,34.5,7.9,9.7,80.9,0.6,2.4,3,7.1,3,2,0.1,1.3,44,15,0,4.4,19012500,0.0038025
4,Carmelo Anthony,DEN,24,77,47,30,36.4,25.7,9.5,19.2,49.2,0.8,2.1,35.4,6,7.7,78.6,2.3,5.1,7.4,3.4,3.3,1.3,0.5,3.3,41.7,22,0,2.1,13041250,0.00260825
5,Amar'E Stoudemire,PHX,25,79,53,26,33.9,25.2,9,15.3,59,0.1,0.4,16.1,7,8.7,80.5,2.3,6.8,9.1,1.5,2.2,0.8,2.1,3.7,44.8,36,0,5.3,13762775,0.002752555
6,Dwyane Wade,MIA,26,51,10,41,38.3,24.6,8.6,18.4,46.9,0.4,1.5,28.6,6.9,9.2,75.8,0.9,3.3,4.2,6.9,4.4,1.7,0.7,2.7,42.9,9,0,-5,13041250,0.00260825
7,Kevin Martin,SAC,25,61,30,31,36.3,23.7,6.8,15,45.6,1.8,4.4,40.2,8.2,9.5,86.9,0.8,3.7,4.5,2.1,2.1,1,0.1,2.5,33.3,2,0,-0.5,1808121,0.0003616242
8,Dirk Nowitzki,DAL,30,77,49,28,36,23.6,8.2,17.1,47.9,1,2.9,35.9,6.2,7.1,87.9,1.2,7.3,8.6,3.5,2.1,0.7,0.9,2.6,41.7,25,1,6.3,16360094,0.0032720188
9,Michael Redd,MIL,28,72,21,51,37.5,22.7,7.6,17.3,44.2,1.8,5,36.2,5.6,6.8,82,1.2,3.1,4.3,3.4,2.5,0.9,0.2,1.7,33.7,2,0,-5.1,14520000,0.002904
10,Richard Jefferson,NJN,28,82,34,48,39,22.6,7.5,16.2,46.6,0.9,2.6,36.2,6.6,8.3,79.8,1.1,3,4.2,3.1,2.4,0.9,0.3,2.7,33.4,2,0,-3.7,12200000,0.00244
11,Chris Bosh,TOR,24,67,37,30,36.2,22.3,7.6,15.3,49.4,0.1,0.4,40,7,8.3,84.4,2.6,6.1,8.7,2.6,2.3,0.9,1,2.3,40.1,28,0,5.4,13041250,0.00260825
12,Corey Maggette,LAC,28,70,21,49,35.7,22.1,6.5,14.3,45.8,1.1,2.9,38.4,7.9,9.7,81.2,1.1,4.5,5.6,2.7,2.8,1,0.1,3,33.5,6,0,-3.4,7000000,0.0014
13,Yao Ming,HOU,27,55,36,19,37.2,22,7.9,15.5,50.7,0,0,0,6.3,7.4,85,3.1,7.7,10.8,2.3,3.3,0.5,2,3.1,42.6,33,0,3.5,13762775,0.002752555
14,Baron Davis,GSW,29,82,48,34,39,21.8,7.9,18.6,42.6,2.1,6.4,33,3.9,5.2,75,1.2,3.5,4.7,7.6,2.8,2.3,0.5,3,44.6,18,3,3,16440000,0.003288
15,Jason Richardson,CHA,27,82,32,50,38.4,21.8,7.9,17.9,44.1,3,7.3,40.6,3,4,75.2,1,4.4,5.4,3.1,2,1.4,0.7,2.9,37.3,5,0,-2.8,11111110,0.002222222
16,Joe Johnson,ATL,27,82,37,45,40.8,21.7,7.9,18.3,43.2,2.1,5.4,38.1,3.9,4.6,83.4,1,3.5,4.5,5.8,2.7,1,0.2,2,36.7,9,0,-0.2,13488378,0.0026976756
17,Tracy Mcgrady,HOU,29,66,46,20,37,21.6,8.3,19.8,41.9,1.3,4.5,29.2,3.7,5.4,68.4,0.6,4.5,5.1,5.9,2.4,1,0.5,1.4,38.6,5,1,4,18257750,0.00365155
18,Antawn Jamison,WAS,32,79,41,38,38.7,21.4,7.8,17.9,43.6,1.5,4.5,33.9,4.2,5.5,76,2.7,7.5,10.2,1.5,1.4,1.3,0.4,2.5,39.8,44,0,2.5,16360094,0.0032720188
19,Vince Carter,NJN,31,76,34,42,38.9,21.3,7.7,16.9,45.6,1.3,3.6,35.9,4.6,5.6,81.6,1.5,4.5,6,5.1,2.4,1.2,0.4,3.2,38.8,9,0,-1.5,13325000,0.002665
20,Carlos Boozer,UTA,26,81,53,28,34.9,21.1,8.8,16,54.7,0,0,0,3.6,4.9,73.8,2.4,8,10.4,2.9,2.6,1.2,0.5,3.6,40.5,51,1,5.2,11593816,0.0023187632
21,Chris Paul,NOH,23,80,55,25,37.6,21.1,7.9,16.1,48.8,1.2,3.1,36.9,4.2,4.9,85.1,0.8,3.2,4,11.6,2.5,2.7,0.1,2.3,49,56,1,6,3615960,0.000723192
22,Al Jefferson,MIN,23,82,22,60,35.6,21,8.8,17.6,50,0,0.1,0,3.5,4.8,72.1,3.8,7.4,11.1,1.4,2,0.9,1.5,2.7,41.5,55,0,-6.7,2480885,0.000496177
23,Dwight Howard,ORL,22,82,52,30,37.7,20.7,7.1,11.9,59.9,0,0,0,6.5,10.9,59,3.4,10.8,14.2,1.3,3.2,0.9,2.1,3.3,45.6,69,0,5.9,6061274,0.0012122548
24,David West,NOH,27,76,52,24,37.8,20.6,8.3,17.2,48.2,0.1,0.3,24,3.9,4.6,85,2.4,6.5,8.9,2.3,2.2,0.8,1.3,2.7,38.9,29,0,5.4,10650000,0.00213
25,Jamal Crawford,NYK,28,80,23,57,39.9,20.6,7.1,17.4,41,2.2,6.2,35.6,4.1,4.8,86.4,0.5,2.1,2.6,5,2.4,1,0.2,1.8,32.4,0,0,-4.3,7920000,0.001584
26,Metta World Peace,SAC,28,57,30,27,38.1,20.5,7.6,16.9,45.3,1.5,3.9,38,3.7,5.2,71.9,1.8,4,5.8,3.5,2.6,2.3,0.7,2.8,39,6,0,1.5,7400000,0.00148
27,Caron Butler,WAS,28,58,33,25,39.9,20.3,7.6,16.3,46.6,1.1,3.2,35.7,4.1,4.5,90.1,1.6,5.1,6.7,4.9,2.6,2.2,0.3,2.8,40.8,9,3,2.9,8468990,0.001693798
28,Kevin Durant,SEA,19,80,19,61,34.6,20.3,7.3,17.1,43,0.7,2.6,28.8,4.9,5.6,87.3,0.9,3.5,4.4,2.4,2.9,1,0.9,1.5,32,1,0,-8.2,4171200,0.00083424
29,Monta Ellis,GSW,22,81,48,33,37.9,20.2,8,15.1,53.1,0.1,0.6,23.1,4,5.1,76.7,1.6,3.3,5,3.9,2.1,1.5,0.3,2.4,35.5,5,0,2.6,770610,0.000154122
30,Rudy Gay,MEM,21,81,21,60,37,20.1,7.7,16.7,46.1,1.7,4.8,34.6,3.1,3.9,78.5,1.7,4.4,6.2,2,2.3,1.4,1,2.8,35.2,10,0,-6,2411160,0.000482232
31,Stephen Jackson,GSW,30,73,46,27,39.1,20.1,6.7,16.5,40.5,2.5,6.9,36.3,4.2,5.1,83.2,0.9,3.4,4.4,4.1,2.7,1.3,0.4,2.3,33.7,1,0,2.8,6630000,0.001326
32,Josh Howard,DAL,28,76,48,28,36.3,19.9,7.5,16.4,45.5,0.9,2.8,31.9,4.1,5.1,81.3,1.6,5.4,7,2.2,1.5,0.8,0.4,2.7,33.6,9,0,5.5,9500000,0.0019
33,Andre Iguodala,PHI,24,82,40,42,39.5,19.9,7.1,15.6,45.6,1.2,3.7,32.9,4.5,6.2,72.1,1,4.4,5.4,4.8,2.6,2.1,0.6,2.3,39,8,0,0.1,2804889,0.0005609778
34,Paul Pierce,BOS,30,80,64,16,35.9,19.6,6.4,13.7,46.4,1.8,4.6,39.2,5.1,6.1,84.3,0.7,4.5,5.1,4.5,2.8,1.3,0.5,2.5,35,7,0,9.8,16360094,0.0032720188
35,Danny Granger,IND,25,80,34,46,35.9,19.6,6.7,15.1,44.6,2.1,5.3,40.4,4,4.7,85.2,1.2,4.9,6.1,2.1,2.1,1.2,1.1,3.6,34.6,7,0,-1.9,1516800,0.00030336
36,Hedo Turkoglu,ORL,29,82,52,30,36.9,19.5,6.8,14.9,45.6,2,5.1,40,4,4.8,82.9,1,4.7,5.7,5,3,0.9,0.3,3,34.5,8,2,5.5,6373900,0.00127478
37,Manu Ginobili,SAS,30,74,51,23,31.1,19.5,6.1,13.3,46,2.1,5.3,40.1,5.1,6,86,0.9,3.9,4.8,4.5,2.7,1.5,0.4,2.3,35,5,0,5.8,9079811,0.0018159622
38,Gilbert Arenas,WAS,26,13,6,7,32.7,19.4,6,15.1,39.8,1.7,6,28.2,5.7,7.4,77.1,0.5,3.5,3.9,5.1,3.8,1.8,0.1,2.3,33.5,1,0,0.5,11950400,0.00239008
39,Gerald Wallace,CHA,25,62,23,39,38.3,19.4,6.6,14.6,44.9,1.1,3.6,32.1,5,6.9,73.1,0.9,5.1,6,3.5,2.9,2.1,0.9,3,38,9,0,-1.8,9500000,0.0019
40,Tim Duncan,SAS,32,78,54,24,34,19.3,7.5,15.1,49.7,0,0.1,0,4.3,5.9,73,3,8.3,11.3,2.8,2.3,0.7,1.9,2.4,42.8,53,0,5.4,19014188,0.0038028376
41,Brandon Roy,POR,23,74,40,34,37.7,19.1,7.2,15.8,45.4,1,2.9,34,3.8,5,75.3,1.1,3.6,4.7,5.8,1.8,1.1,0.2,2,35.5,10,1,0.4,2883120,0.000576624
42,Mike Dunleavy,IND,27,82,36,46,36,19.1,6.5,13.6,47.6,2,4.7,42.4,4.1,4.9,83.4,0.7,4.5,5.2,3.5,2.3,1,0.4,2.5,32.5,5,0,0.5,8219008,0.0016438016
43,Pau Gasol,LAL,27,66,32,34,35.6,18.9,7.2,13.5,53.4,0.1,0.2,25,4.4,5.5,80.7,2.3,6,8.4,3.2,1.9,0.5,1.5,2.1,37.7,26,0,3.3,13735000,0.002747
44,Deron Williams,UTA,24,82,54,28,37.3,18.8,6.9,13.6,50.7,1,2.6,39.5,4,5,80.3,0.4,2.5,3,10.5,3.4,1.1,0.3,2.4,38.9,52,0,5.2,4010640,0.000802128
45,Kevin Garnett,BOS,32,71,57,14,32.8,18.8,7.5,13.9,53.9,0,0.2,0,3.8,4.7,80.1,1.9,7.3,9.2,3.4,1.9,1.4,1.3,2.3,41.1,29,0,10.4,23751934,0.0047503868
46,Tony Parker,SAS,26,69,48,21,33.5,18.8,7.5,15.1,49.4,0.2,1,25.8,3.6,5,71.5,0.4,2.8,3.2,6,2.4,0.8,0.1,1.3,31.9,3,0,5,10500000,0.0021
47,Ben Gordon,CHI,25,72,29,43,31.8,18.6,6.4,14.8,43.4,2,4.8,41,3.7,4.1,90.8,0.6,2.5,3.1,3,2.1,0.8,0.1,2.4,27.2,0,0,-3.2,4881669,0.0009763338
48,Rashard Lewis,ORL,28,81,52,29,38,18.2,6.4,14,45.5,2.8,6.8,40.9,2.7,3.2,83.8,1.2,4.2,5.4,2.4,1.7,1.2,0.5,2.6,31.7,1,0,5.1,14884951,0.0029769902
49,Lamarcus Aldridge,POR,22,76,35,41,34.9,17.8,7.4,15.3,48.4,0,0.1,14.3,3,3.9,76.2,2.9,4.7,7.6,1.6,1.7,0.7,1.2,3.2,33.5,19,0,-0.2,4329360,0.000865872
50,Zach Randolph,NYK,26,69,23,46,32.5,17.6,7,15.3,45.9,0.3,1.2,27.5,3.2,4.2,77.2,2.7,7.6,10.3,2,2.7,0.9,0.2,2.8,33.6,40,0,-4,13333333,0.0026666666
51,Elton Brand,LAC,29,8,1,7,34.2,17.6,6.5,14.3,45.6,0,0,0,4.6,5.9,78.7,2.6,5.4,8,2,2.1,0.4,1.9,2.6,34.9,2,0,-12.1,15344000,0.0030688
52,Ray Allen,BOS,32,73,58,15,35.9,17.4,6,13.5,44.5,2.5,6.2,39.8,2.9,3.2,90.7,1,2.6,3.7,3.1,1.7,0.9,0.2,2,28.1,1,0,8.4,16000000,0.0032
53,Richard Hamilton,DET,30,72,52,20,33.7,17.3,6.9,14.3,48.4,0.9,2,44,2.6,3.1,83.3,1,2.2,3.3,4.2,1.8,1,0.1,2.4,29,1,0,5.3,10000000,0.002
54,Mo Williams,MIL,25,66,24,42,36.5,17.2,6.7,13.9,48,1.3,3.5,38.5,2.5,2.9,85.6,0.6,2.9,3.5,6.3,2.8,1.2,0.2,2.8,32.2,6,0,-5.1,7750000,0.00155
55,Josh Smith,ATL,22,81,37,44,35.5,17.2,6.4,14,45.7,0.3,1.2,25.3,4.1,5.8,71,2,6.2,8.2,3.4,3,1.5,2.8,3.3,42.1,19,1,-0.4,2243543,0.0004487086
56,Andre Miller,PHI,32,82,40,42,36.8,17,6.9,14.1,49.2,0,0.4,8.8,3.1,4.1,77.2,1.2,2.8,4,6.9,2.5,1.3,0.1,2.2,33.7,14,0,-0.8,9600000,0.00192
57,Luol Deng,CHI,23,63,25,38,33.8,17,6.8,14.2,47.9,0.1,0.3,36.4,3.2,4.2,77,2.2,4.1,6.3,2.5,1.9,0.9,0.5,1.9,30.4,6,0,-2.4,3320339,0.0006640678
58,Chauncey Billups,DET,31,78,56,22,32.3,17,5,11.2,44.8,1.8,4.4,40.1,5.1,5.6,91.8,0.5,2.2,2.7,6.8,2.1,1.3,0.2,1.7,32.9,13,0,6.7,10000000,0.002
59,Steve Nash,PHX,34,81,55,26,34.3,16.9,6,11.9,50.4,2.2,4.7,47,2.7,3,90.6,0.3,3.1,3.5,11.1,3.6,0.7,0.1,1.4,36.2,48,0,6.8,11375000,0.002275
60,Peja Stojakovic,NOH,31,77,53,24,35.2,16.4,5.9,13.3,44,3,6.8,44.1,1.7,1.8,92.9,0.8,3.5,4.3,1.2,0.8,0.7,0.1,1.6,25.2,4,0,6,11664000,0.0023328
61,Mike Miller,MEM,28,70,21,49,35.3,16.4,5.9,11.8,50.2,2.2,5.1,43.2,2.3,3,77.4,0.7,5.9,6.7,3.4,2.6,0.5,0.2,2.1,29.1,13,0,-3.6,8376194,0.0016752388
62,Chris Kaman,LAC,26,56,20,36,37.2,15.7,6,12.5,48.3,0,0.1,0,3.6,4.7,76.2,3.1,9.6,12.7,1.9,2.9,0.6,2.8,3.2,40.9,36,0,-3.3,8600000,0.00172
63,Leandro Barbosa,PHX,25,82,55,27,29.5,15.6,5.8,12.5,46.2,2,5.1,38.9,2.1,2.6,82.2,0.5,2.3,2.8,2.6,1.4,0.9,0.2,2.4,25,0,0,1.5,5600000,0.00112
64,Jason Terry,DAL,30,82,51,31,31.4,15.5,5.7,12.3,46.7,1.7,4.4,37.5,2.3,2.7,85.7,0.4,2.2,2.5,3.2,1.1,1.1,0.2,2.1,26.1,0,0,3.8,8898000,0.0017796
65,Shawn Marion,MIA,30,63,37,26,36.7,15.4,6.3,12.5,50.8,1,3.1,33.3,1.7,2.4,70.7,2.2,8,10.2,2.2,1.4,2,1.3,2.4,39.6,32,0,3.5,16440000,0.003288
66,Rashad Mccants,MIN,23,75,20,55,26.9,14.9,5.7,12.6,45.3,1.9,4.7,40.7,1.5,2.1,74.8,0.7,2.1,2.7,2.2,2.3,0.9,0.2,3.1,22.5,0,0,-1.6,1769160,0.000353832
67,Marvin Williams,ATL,22,80,35,45,34.6,14.8,5.3,11.5,46.2,0,0.1,10,4.2,5.1,82.2,1.5,4.2,5.7,1.7,1.6,1,0.4,2.8,26.9,7,0,-2.1,4466040,0.000893208
68,Devin Harris,NJN,25,64,37,27,31.6,14.8,5,10.8,46.3,0.9,2.6,33.5,3.9,4.7,82.4,0.4,2.3,2.7,5.8,2.5,1.4,0.2,3,28.8,4,0,3,3995003,0.0007990006
69,Mehmet Okur,UTA,29,72,50,22,33.2,14.5,5.2,11.7,44.5,1.6,4.1,38.8,2.6,3.2,80.4,1.8,5.9,7.7,2,1.4,0.8,0.4,3.3,28.9,23,0,4.7,9000000,0.0018
70,Raymond Felton,CHA,24,79,32,47,37.6,14.4,5.2,12.6,41.3,0.7,2.5,28,3.3,4.1,80,0.5,2.5,3,7.4,2.7,1.2,0.2,2.3,30.5,17,0,-2.6,3274440,0.000654888
71,Andrew Bogut,MIL,23,78,26,52,34.9,14.3,6,11.7,51.1,0,0.1,0,2.4,4.1,58.7,3.1,6.6,9.8,2.6,2.2,0.8,1.7,3.3,35.4,38,0,-4.5,4991520,0.000998304
72,Lamar Odom,LAL,28,77,54,23,37.9,14.2,5.4,10.3,52.5,0.4,1.5,27.4,3,4.3,69.8,2.6,8.1,10.6,3.5,2,1,0.9,2.9,36,44,1,6.2,13248596,0.0026497192
73,Zydrunas Ilgauskas,CLE,33,73,41,32,30.4,14.1,5.7,12,47.4,0,0,0,2.7,3.3,80.2,3.6,5.7,9.3,1.4,1.8,0.5,1.6,3.4,31.9,29,0,0.8,10142156,0.0020284312
74,Mike Bibby,ATL,30,48,24,24,32.8,13.9,5.2,12.6,41.1,1.9,5.2,37.5,1.6,2.1,78,0.3,3,3.3,6,2.5,1.1,0.1,2,28.1,5,0,-0.5,14983603,0.0029967206
75,Stephon Marbury,NYK,31,24,6,18,33.5,13.9,4.6,11,41.9,1.2,3.1,37.8,3.5,4.8,71.6,0.7,1.8,2.5,4.7,2,0.9,0.1,2.4,24.8,0,0,-6.8,19012500,0.0038025
76,Emeka Okafor,CHA,25,82,32,50,33.1,13.8,5.6,10.5,53.5,0,0,0,2.6,4.6,57,3.1,7.6,10.7,0.9,2,0.8,1.7,2.9,33.2,39,0,-3.1,5427307,0.0010854614
77,Ricky Davis,MIA,28,82,15,67,36.1,13.8,5.1,11.8,43.3,1.6,4.1,40.5,1.9,2.4,78.7,0.7,3.6,4.3,3.4,2.3,1.1,0.2,2.3,25.4,4,0,-7.2,6819000,0.0013638
78,Shaquille O'Neal,PHX,36,61,25,36,28.7,13.6,5.4,9.1,59.3,0,0,0,2.8,5.5,50.3,2.7,6.4,9.1,1.5,3,0.5,1.4,3.7,29.8,21,0,0.1,21000000,0.0042
79,Al Harrington,GSW,28,81,48,33,27,13.6,5,11.4,43.4,1.9,5,37.5,1.8,2.3,77.4,1.3,4.1,5.4,1.6,1.1,0.9,0.2,3.3,24.8,7,0,1.9,8425625,0.001685125
80,Jermaine O'Neal,IND,29,42,19,23,28.7,13.6,5.4,12.2,43.9,0,0.1,0,2.9,3.9,74.2,2,4.8,6.7,2.2,2.5,0.5,2.1,3.1,30.1,7,0,-1.2,19728000,0.0039456
81,Brad Miller,SAC,32,72,35,37,34.9,13.4,4.7,10.1,46.3,0.4,1.3,31.1,3.6,4.3,84.8,2.3,7.1,9.5,3.7,2.3,1,1,3.4,33.9,29,0,1.2,10500000,0.0021
82,Chris Wilcox,SEA,25,62,16,46,28,13.4,5.4,10.3,52.4,0,0,0,2.6,4,64.5,2,5,7,1.2,1.7,0.7,0.6,2.8,25.8,17,0,-3,6500000,0.0013
83,Travis Outlaw,POR,23,82,41,41,26.7,13.3,5.1,11.8,43.3,0.5,1.2,39.6,2.7,3.6,74.1,1.2,3.4,4.6,1.3,1.3,0.7,0.8,2.1,23.9,4,0,-1.3,4000000,0.0008
84,Eddy Curry,NYK,25,59,17,42,25.9,13.2,5,9.2,54.6,0,0,0,3.2,5.1,62.3,1.9,2.8,4.7,0.5,2.1,0.2,0.5,2.7,19.7,2,0,-6.9,8947543,0.0017895086
85,Andres Nocioni,CHI,28,82,33,49,24.6,13.2,4.6,10.7,43.2,1.5,4.2,36.4,2.4,3,80.7,0.6,3.6,4.2,1.2,1.6,0.3,0.5,3,20.8,1,0,-1.5,8500000,0.0017
85,Tayshaun Prince,DET,28,82,59,23,32.9,13.2,5.1,11.5,44.8,0.6,1.8,36.3,2.3,2.9,76.8,1.3,3.5,4.9,3.3,1.1,0.5,0.4,1.1,25.5,4,0,6.2,8675620,0.001735124
87,Andrew Bynum,LAL,20,35,24,11,28.8,13.1,5.4,8.5,63.6,0,0,0,2.3,3.4,69.5,3,7.2,10.2,1.7,1.5,0.3,2.1,2.8,33.7,18,0,6.8,2172000,0.0004344
88,Grant Hill,PHX,35,70,46,24,31.7,13.1,5.1,10.2,50.3,0.5,1.5,31.7,2.4,2.8,86.7,1.1,4,5,2.9,1.4,0.9,0.8,2.2,27.3,4,0,4.5,1830000,0.000366
89,Rafer Alston,HOU,31,74,51,23,34.1,13.1,4.9,12.5,39.4,1.9,5.5,35.1,1.3,1.9,71.5,0.4,3.1,3.5,5.3,2.2,1.3,0.2,1.9,27.8,4,0,4.4,4550000,0.00091
90,Randy Foye,MIN,24,39,14,25,32.3,13.1,5.1,11.8,42.9,1.6,3.8,41.2,1.4,1.7,81.5,0.3,2.9,3.3,4.2,2,0.9,0.1,2.6,24.3,1,0,-3.7,2631840,0.000526368
91,Beno Udrih,SAC,25,65,31,34,32,12.8,5,10.9,46.3,0.8,2.1,38.7,1.9,2.3,85,0.5,2.8,3.3,4.3,2.3,0.9,0.2,2.1,24.1,3,0,-0.3,561544,0.0001123088
92,Cuttino Mobley,LAC,32,77,22,55,35.1,12.8,4.9,11.3,43.3,0.9,2.5,34.9,2.1,2.6,81.9,0.6,2.9,3.6,2.6,1.6,1,0.4,2,23.8,1,0,-5.7,8350000,0.00167
93,Al Thornton,LAC,24,79,23,56,27.3,12.7,4.7,11,42.9,0.5,1.6,33.1,2.7,3.6,74.3,1.2,3.3,4.5,1.2,1.6,0.6,0.5,2.5,21.8,7,0,-5.1,1652280,0.000330456
94,Rasheed Wallace,DET,33,77,55,22,30.5,12.7,4.9,11.3,43.2,1.5,4.1,35.6,1.5,1.9,76.7,1.1,5.5,6.6,1.8,1.1,1.2,1.7,2.8,30.8,10,0,5.8,12540000,0.002508
95,Nate Robinson,NYK,24,72,20,52,26.2,12.7,4.6,10.9,42.3,1.3,4.1,33.2,2.1,2.7,78.6,0.7,2.4,3.1,2.9,1.4,0.8,0,2.6,21.9,0,0,-2,1268160,0.000253632
96,Ryan Gomes,MIN,25,82,22,60,29.7,12.6,4.8,10.5,45.7,0.7,2.2,33,2.3,2.8,83,1.6,4.2,5.8,1.8,1.2,0.8,0.1,1.9,23.8,9,0,-3.2,770610,0.000154122
97,John Salmons,SAC,28,81,37,44,31.1,12.5,4.7,9.9,47.7,0.5,1.5,32.5,2.6,3.2,82.3,0.9,3.4,4.3,2.6,2.1,1.1,0.4,2.1,24,6,0,-3.3,4752000,0.0009504
98,Anthony Parker,TOR,33,82,41,41,32.1,12.5,4.8,10.1,47.6,1.6,3.7,43.8,1.2,1.5,81.6,0.6,3.5,4.1,2.2,1.1,1,0.2,1.9,23.2,0,0,2.1,4350000,0.00087
99,Willie Green,PHI,26,74,34,40,26.6,12.4,5.1,11.8,43.6,0.7,2.4,28.5,1.5,2,75.7,0.4,2,2.5,2,1.5,0.7,0.3,1.6,20.1,0,0,0,3094000,0.0006188
100,Tim Thomas,LAC,31,63,18,45,30.8,12.4,4.6,11.2,41.3,1.3,4.3,30.6,1.8,2.4,75.2,1,4.1,5.1,2.7,1.6,0.6,0.5,3,24.3,3,0,-3.3,5632200,0.00112644
101,Kenyon Martin,DEN,30,71,46,25,30.4,12.4,5.3,9.8,53.8,0,0.2,18.2,1.7,3,58,1.5,5,6.5,1.3,1.3,1.2,1.2,3.3,28.1,10,0,1.3,13250000,0.00265
102,Francisco Garcia,SAC,26,79,38,41,26.5,12.3,4.4,9.5,46.3,1.4,3.7,39.1,2.1,2.6,77.9,0.7,2.7,3.3,1.6,1.6,1.2,0.6,2.9,22.7,1,0,-1.7,1168800,0.00023376
103,Jr Smith,DEN,22,74,44,30,19.2,12.3,4.2,9.1,46.1,2.1,5.3,40.3,1.7,2.4,71.9,0.6,1.5,2.1,1.7,1.5,0.8,0.2,1.9,18.8,0,0,2.7,2134067,0.0004268134
104,Troy Murphy,IND,28,75,33,42,28.1,12.2,4.2,9.2,45.5,1.3,3.1,39.8,2.6,3.2,79.7,1.4,5.8,7.2,2.2,1.3,0.7,0.4,2.9,26.2,10,0,-0.8,9206349,0.0018412698
105,Larry Hughes,CHI,29,68,34,34,29.7,12.2,4.5,11.8,38.1,1,2.9,34.5,2.2,2.8,79.8,0.6,2.8,3.4,2.7,1.7,1.5,0.3,2,23.6,0,0,-2.6,12000084,0.0024000168
106,T.J. Ford,TOR,25,51,22,29,23.5,12.1,4.8,10.3,46.9,0.3,1,29.4,2.2,2.5,88,0.5,1.5,2,6.1,2,1.1,0,1.8,24.8,2,0,-0.1,8275000,0.001655
107,Ronnie Brewer,UTA,23,76,49,27,27.5,12,4.7,8.3,55.8,0.1,0.7,22,2.6,3.4,75.9,1.3,1.6,2.9,1.8,0.9,1.7,0.3,1.4,23,0,0,3.7,1715040,0.000343008
108,Udonis Haslem,MIA,28,49,10,39,36.8,12,4.8,10.3,46.7,0,0,0,2.3,2.9,81,2.2,6.9,9,1.4,1.4,0.8,0.4,3,27.1,11,0,-6.8,6050000,0.00121
109,Drew Gooden,CHI,26,69,35,34,30.7,12,4.8,10.7,44.9,0,0.1,0,2.3,3.1,75.3,2.5,6,8.6,1.2,1.8,0.7,0.8,2.9,26.6,24,0,-1.6,6453416,0.0012906832
110,Jamaal Tinsley,IND,30,39,16,23,33.2,11.9,4.5,11.9,38,1,3.6,28.4,1.8,2.6,72,0.6,3,3.6,8.4,3.3,1.7,0.3,2.5,31.3,11,0,0.1,6300000,0.00126
111,Raja Bell,PHX,31,75,48,27,35.3,11.9,4.2,10,42.1,2.3,5.9,40.1,1.1,1.2,86.8,0.6,3,3.7,2.2,0.9,0.7,0.4,2.9,22,1,0,4.9,4750000,0.00095
112,Josh Childress,ATL,25,76,33,43,29.9,11.8,4.3,7.5,57.1,0.3,0.8,36.7,2.9,3.6,80.7,2.3,2.6,4.9,1.5,1.3,0.9,0.6,1.7,23.2,3,0,-1.7,,
113,Tyson Chandler,NOH,25,79,54,25,35.2,11.8,4.8,7.7,62.3,0,0,0,2.2,3.7,59.3,4.1,7.7,11.7,1,1.7,0.6,1.1,3.1,30.6,38,0,5.4,10500000,0.0021
114,Derek Fisher,LAL,33,82,57,25,27.4,11.7,4.1,9.5,43.6,1.4,3.4,40.6,2,2.3,88.3,0.3,1.8,2.1,2.9,1.1,1,0,2.3,20.7,0,0,3.9,4352000,0.0008704
115,Charlie Villanueva,MIL,23,76,24,52,24.1,11.7,4.7,10.7,43.5,0.7,2.4,29.7,1.6,2.1,78.3,1.9,4.2,6.1,1,1.4,0.4,0.5,2.3,21.7,9,0,-4.6,2715000,0.000543
116,Lou Williams,PHI,21,80,39,41,23.3,11.5,4,9.4,42.4,0.7,1.9,35.9,2.8,3.6,78.3,0.5,1.6,2.1,3.2,1.6,1,0.2,1.6,20.7,0,0,0.1,770610,0.000154122
117,Kirk Hinrich,CHI,27,75,31,44,31.7,11.5,4.4,10.6,41.4,1.1,3.2,35,1.6,1.9,83.1,0.4,2.9,3.3,6,2.1,1.2,0.3,3,26.6,7,1,-1.9,11250000,0.00225
118,Wally Szczerbiak,CLE,31,75,24,51,23.2,11.5,4.1,9.6,43.1,1.2,2.9,41.3,2,2.3,85.1,0.5,2.4,2.9,1.4,1,0.3,0.2,1.4,17.4,0,0,0,12275000,0.002455
119,Hakim Warrick,MEM,25,75,20,55,23.4,11.4,4.4,8.7,50.2,0.2,0.6,27.1,2.4,3.5,70.4,1.6,3.1,4.7,0.7,1.1,0.5,0.4,2.1,19.5,5,0,-6.3,1376040,0.000275208
120,Jose Calderon,TOR,26,82,41,41,30.3,11.2,4.5,8.6,51.9,1,2.2,42.9,1.3,1.5,90.8,0.4,2.5,2.9,8.3,1.5,1.1,0.1,1.6,29,25,0,2.2,2471604,0.0004943208
121,Sam Cassell,BOS,38,55,29,26,23.2,11.2,4.2,9.7,43.8,0.4,1.4,30.3,2.3,2.6,88.2,0.3,2.2,2.5,3.9,1.8,0.7,0.1,1.8,20.6,0,0,-1.3,199452,3.99E-05
122,Deshawn Stevenson,WAS,27,82,43,39,31.3,11.2,3.7,9.5,38.6,1.9,5,38.3,1.9,2.4,79.7,0.5,2.4,2.9,3.1,1.2,0.8,0.2,1.3,20.9,0,0,1.4,3348215,0.000669643
123,Linas Kleiza,DEN,23,79,49,30,23.9,11.1,3.9,8.3,47.2,1.2,3.5,33.9,2.1,2.7,77,1.2,3.1,4.2,1.2,1.1,0.6,0.2,2.3,19.3,1,0,3.1,1011360,0.000202272
124,Andrei Kirilenko,UTA,27,72,47,25,30.8,11,3.8,7.6,50.6,0.6,1.6,37.9,2.8,3.6,77,1.7,3,4.7,4,1.9,1.2,1.5,2.3,28.8,4,1,5.5,13735000,0.002747
125,Jameer Nelson,ORL,26,69,42,27,28.4,10.9,4.1,8.7,46.9,0.9,2.2,41.6,1.8,2.2,82.8,0.4,3.1,3.5,5.6,2,0.9,0.1,2.4,24.4,3,0,3.4,1961609,0.0003923218
126,Juan Carlos Navarro,MEM,28,82,22,60,25.8,10.9,3.8,9.3,40.2,1.9,5.3,36.1,1.5,1.8,84.9,0.4,2.1,2.6,2.2,1.6,0.6,0,1.1,17.4,1,0,-3.6,538090,0.000107618
127,David Lee,NYK,25,81,22,59,29.1,10.8,4.2,7.6,55.2,0,0,0,2.4,2.9,81.9,3,6,8.9,1.2,1.2,0.7,0.4,2.6,25.2,23,0,-3,990600,0.00019812
128,Jason Kidd,DAL,35,80,39,41,36.3,10.8,3.8,9.9,38.5,1.5,3.9,38.1,1.7,2.1,81.8,1.2,6.3,7.5,10.1,3.3,1.7,0.3,2.1,37.7,35,13,0.3,19728000,0.0039456
129,Earl Watson,SEA,29,78,19,59,29.1,10.7,4.3,9.6,45.4,0.6,1.7,37.1,1.4,1.9,76.6,0.6,2.3,2.9,6.8,2.2,0.9,0.1,2,25.3,7,1,-5.6,5800000,0.00116
130,Jerry Stackhouse,DAL,33,58,39,19,24.4,10.7,3.7,9.1,40.5,1,3.2,32.6,2.3,2.6,89.2,0.6,1.7,2.3,2.5,1.5,0.5,0.2,1.4,17.6,0,0,1.1,6750000,0.00135
131,Martell Webster,POR,21,75,38,37,28.4,10.7,3.7,8.7,42.2,1.6,4.2,38.8,1.6,2.2,73.5,0.7,3.2,3.9,1.2,1.1,0.6,0.4,2.1,18.9,0,0,-1.2,2974080,0.000594816
132,Brendan Haywood,WAS,28,80,41,39,27.8,10.6,4,7.5,52.8,0,0,0,2.7,3.7,73.5,3.4,3.8,7.2,0.9,1.4,0.4,1.7,2.7,25.4,16,0,1.1,5000000,0.001
133,Rajon Rondo,BOS,22,77,62,15,29.9,10.6,4.6,9.3,49.2,0.1,0.2,26.3,1.4,2.3,61.1,1,3.2,4.2,5.1,1.9,1.7,0.2,2.4,26.9,4,0,7.9,1229280,0.000245856
134,Samuel Dalembert,PHI,28,82,40,42,33.2,10.5,4.1,8.1,51.3,0,0,0,2.3,3.2,70.7,3.7,6.6,10.4,0.5,1.9,0.5,2.3,3.3,30.4,26,0,0.1,10251435,0.002050287
135,Jeff Green,SEA,21,80,19,61,28.2,10.5,4,9.4,42.7,0.3,1,27.6,2.2,3,74.4,1.3,3.5,4.7,1.5,2,0.6,0.6,2.5,20,4,0,-6.4,3058200,0.00061164
136,Andris Biedrins,GSW,22,76,44,32,27.3,10.5,4.5,7.1,62.6,0,0,0,1.5,2.5,62,3.4,6.4,9.8,1,1.1,0.7,1.2,3.4,28.5,27,0,2.7,2636696,0.0005273392
137,Daniel Gibson,CLE,22,58,32,26,30.4,10.4,3.5,8,43.2,2,4.6,44,1.5,1.8,81,0.5,1.8,2.3,2.5,1.3,0.8,0.2,2.8,18.8,0,0,1.6,687456,0.0001374912
138,Luis Scola,HOU,28,82,55,27,24.7,10.3,4.2,8.2,51.5,0,0,0,1.9,2.9,66.8,2.1,4.3,6.4,1.3,1.3,0.7,0.2,2.9,21.6,10,0,2,2916667,0.0005833334
139,Andrea Bargnani,TOR,22,78,39,39,23.9,10.2,3.6,9.3,38.6,1.2,3.3,34.5,1.8,2.2,84,0.6,3.1,3.7,1.1,1.1,0.3,0.5,2.7,17.5,1,0,1.6,4838880,0.000967776
140,Al Horford,ATL,22,81,37,44,31.4,10.1,4.1,8.2,49.9,0,0.1,0,1.9,2.6,73.1,3.1,6.6,9.7,1.5,1.7,0.7,0.9,3.3,27.4,25,0,-1.4,3745800,0.00074916
141,Joe Smith,CLE,32,77,34,43,22.4,10.1,4.1,8.5,47.8,0,0,0,2,2.6,75.5,2.1,3.1,5.2,0.9,0.9,0.4,0.6,2.4,19.9,6,0,-0.3,5205000,0.001041
142,Michael Finley,SAS,35,82,56,26,26.9,10.1,3.8,9.3,41.4,1.6,4.4,37,0.8,1,80,0.3,2.8,3.1,1.4,0.7,0.4,0.1,1.1,16.6,0,0,2.7,3103000,0.0006206
143,Jarrett Jack,POR,24,82,41,41,27.2,9.9,3.3,7.6,43.1,0.8,2.3,34.2,2.6,3,86.7,0.4,2.5,2.9,3.8,2.2,0.7,0,1.6,19.2,3,0,-2,1217400,0.00024348
144,Kyle Korver,UTA,27,75,50,25,23.1,9.9,3.4,7.7,44.3,1.5,3.9,37.5,1.6,1.7,91.5,0.3,2,2.3,1.3,1,0.6,0.4,2.6,16.5,1,0,3.1,4500000,0.0009
145,Bostjan Nachbar,NJN,27,75,33,42,22.1,9.8,3.3,8.1,40.2,1.3,3.5,35.9,2.1,2.6,78.6,0.7,2.7,3.5,1.2,1.1,0.6,0.3,2.4,17.2,1,0,-3.6,2500000,0.0005
146,Nick Collison,SEA,27,78,19,59,28.5,9.8,4.1,8.2,50.2,0,0,0,1.6,2.1,73.7,3.3,6.1,9.4,1.4,1.5,0.6,0.8,3.2,25.8,23,0,-4.6,5750000,0.00115
147,Desmond Mason,MIL,30,59,18,41,28.8,9.7,3.9,8.1,48.2,0,0,0,1.9,2.9,65.9,1.3,3.1,4.3,2.1,1.4,0.7,0.5,1.8,20.2,2,0,-2.8,5000000,0.001
148,Kyle Lowry,MEM,22,82,22,60,25.5,9.6,3.1,7.2,43.2,0.4,1.7,25.7,3,4.2,69.8,0.5,2.5,3,3.6,1.5,1.1,0.3,2.3,21.3,1,0,-2.4,1087680,0.000217536
149,Craig Smith,MIN,24,77,18,59,20.1,9.4,3.9,6.9,56.3,0,0.1,0,1.7,2.6,66.5,1.6,3,4.6,0.8,1.2,0.5,0.2,2.8,17,1,0,-3,687456,0.0001374912
150,Flip Murray,IND,28,42,26,16,20.8,9.4,3.7,8.7,42,0.5,1.5,31.7,1.6,2.3,69.4,0.5,1.4,2,3.4,2,0.9,0.1,1.2,17.9,2,0,-0.9,,
151,Mike Conley,MEM,20,53,14,39,26.1,9.4,3.6,8.3,42.8,0.6,1.7,33,1.7,2.3,73.2,0.4,2.2,2.6,4.2,1.7,0.8,0,1.6,19.8,2,0,-5.4,3377160,0.000675432
152,Shane Battier,HOU,29,80,54,26,36.3,9.3,3.3,7.7,42.8,1.7,4.6,37.7,0.9,1.3,74.3,1.6,3.5,5.1,1.9,1,1,1.1,2.5,23.6,1,0,4.2,5883600,0.00117672
153,Sebastian Telfair,MIN,23,60,13,47,32.2,9.3,3.7,9.3,40.1,0.5,1.9,28.1,1.3,1.8,74.3,0.3,2,2.3,5.9,1.9,1,0.2,2.9,22.5,2,0,-6.6,2562426,0.0005124852
154,Damien Wilkins,SEA,28,76,18,58,24.3,9.2,3.6,8.9,40.3,0.7,2,32.3,1.4,1.9,73.6,0.9,2.3,3.2,2,1.2,0.8,0.3,1.7,18,0,0,-5.9,2900000,0.00058
155,Jordan Farmar,LAL,21,82,57,25,20.6,9.1,3.5,7.7,46.1,1.4,3.7,37.1,0.6,1,67.9,0.5,1.8,2.2,2.7,1.3,0.9,0.1,1.3,17.6,0,0,3.4,1009560,0.000201912
156,Marcus Camby,DEN,34,79,48,31,34.9,9.1,3.6,8,45,0.1,0.3,30,1.8,2.6,70.8,2.9,10.2,13.1,3.3,1.5,1.1,3.6,2.7,42.4,30,2,2.9,10000000,0.002
157,Bonzi Wells,NOH,31,73,44,29,21.4,9.1,3.5,7.8,44.3,0.2,0.7,24,2,3.1,64.3,1.2,3.4,4.5,1.3,1.4,1,0.4,2.2,19.5,6,0,0.3,2284200,0.00045684
158,Roger Mason Jr.,WAS,27,80,42,38,21.3,9.1,3.3,7.5,44.3,1.6,4.1,39.8,0.8,0.9,87.3,0.2,1.4,1.6,1.7,0.9,0.5,0.2,1.8,14.8,0,0,-0.5,770610,0.000154122
159,Carlos Delfino,TOR,25,82,41,41,23.5,9,3.1,7.7,39.7,1.5,3.8,38.2,1.4,1.9,74.4,0.8,3.6,4.4,1.8,0.9,0.8,0.1,2.2,18.9,1,0,0.3,1868141,0.0003736282
159,Matt Carroll,CHA,27,80,32,48,25.2,9,3.2,7.4,42.8,1.3,3,43.6,1.4,1.7,80.4,0.4,2.4,2.8,0.9,0.7,0.6,0.2,2.3,15.5,0,0,-1.2,5450000,0.00109
161,Maurice Evans,ORL,29,75,46,29,22.9,8.9,3.5,7.3,48.1,1.1,2.8,38.8,0.8,1.1,71.1,1.2,1.7,2.9,1.1,0.5,0.6,0.1,1.9,15.7,0,0,1.7,1740000,0.000348
162,Boris Diaw,PHX,26,82,55,27,28.1,8.8,3.8,7.9,47.7,0.2,0.5,31.7,1.2,1.6,74.4,1.2,3.4,4.6,3.9,1.9,0.7,0.5,2,21.9,4,0,2,9000000,0.0018
163,Daequan Cook,MIA,21,59,9,50,24.4,8.8,3.3,8.7,38.1,1.3,4,33.2,0.8,1,82.5,0.3,2.7,3,1.3,1.1,0.4,0.2,2.7,14.8,0,0,-5.2,1184400,0.00023688
164,Sasha Vujacic,LAL,24,72,49,23,17.8,8.8,3,6.7,45.4,1.6,3.8,43.7,1.1,1.3,83.5,0.3,1.9,2.1,1,0.7,0.5,0.1,1.5,13.8,0,0,2,1756951,0.0003513902
165,Jason Williams,MIA,32,67,12,55,28.2,8.8,3.1,8.2,38.4,1.4,4.1,35.3,1,1.2,86.3,0.2,1.8,1.9,4.6,1.4,1.2,0.1,1.4,20.6,2,0,-6.2,8937500,0.0017875
166,Antonio Mcdyess,DET,33,78,57,21,29.3,8.8,3.8,7.7,48.8,0,0,0,1.2,2,62.2,2.6,5.9,8.5,1.1,1,0.8,0.7,3.2,24.1,16,0,3.9,6373900,0.00127478
167,Keith Bogans,ORL,28,82,52,30,26.8,8.7,2.9,7.2,41,1.8,5,36.2,1,1.3,73.6,0.5,2.7,3.2,1.3,0.6,0.7,0.1,2,16.3,2,0,3.7,2440000,0.000488
168,Yi Jianlian,MIL,20,66,24,42,24.9,8.6,3.3,7.9,42.1,0.1,0.3,28.6,1.8,2.2,84.1,1.6,3.6,5.2,0.8,1.4,0.5,0.8,2.3,18.9,1,0,-3.5,2777760,0.000555552
169,Kelenna Azubuike,GSW,24,81,48,33,21.4,8.5,3.2,7.2,44.5,0.9,2.4,36.4,1.2,1.7,71.7,1.3,2.7,4,0.9,0.7,0.6,0.4,2,16.9,3,0,-0.1,687456,0.0001374912
169,Steve Blake,POR,28,81,41,40,29.9,8.5,3.2,7.9,40.8,1.5,3.7,40.6,0.6,0.8,76.6,0.4,2,2.4,5.1,1.4,0.7,0,1.6,19.9,3,0,0.9,4250000,0.00085
171,Mikki Moore,SAC,32,82,38,44,29.1,8.5,3.4,6,57.7,0,0,0,1.6,2.2,73.6,2,4.1,6,1,1.3,0.4,0.6,3.8,18.9,6,0,-1.3,5356000,0.0010712
172,Jamario Moon,TOR,28,78,39,39,27.8,8.5,3.6,7.4,48.5,0.5,1.6,32.8,0.8,1.1,74.1,1.2,5,6.2,1.2,0.7,1,1.4,1.9,24.2,3,0,3.5,427163,8.54E-05
173,Mark Blount,MIA,32,69,11,58,22.3,8.4,3.4,7.5,46.2,0.2,0.6,38.6,1.3,2,63.8,1,2.8,3.8,0.6,1,0.5,0.5,1.9,15.8,3,0,-4.7,7901040,0.001580208
174,Antonio Daniels,WAS,33,71,40,31,30.4,8.4,2.9,6.3,45.9,0.2,1,23,2.4,3.1,77.6,0.3,2.5,2.9,4.8,1.3,1,0,1.1,20.7,3,0,0.2,5800000,0.00116
175,Vladimir Radmanovic,LAL,27,65,45,20,22.8,8.4,3,6.7,45.3,1.5,3.6,40.6,0.8,1,80,0.9,2.4,3.3,1.9,1.1,0.7,0.2,2.3,16.7,2,0,5.5,5632200,0.00112644
176,Delonte West,CLE,24,61,23,38,25.1,8.3,3.2,7.8,41.3,0.8,2.2,35.6,1.1,1.5,73.6,0.5,2.7,3.2,3.8,1.9,1,0.5,1.7,20.1,1,0,-1.4,1889760,0.000377952
177,Kareem Rush,IND,27,71,30,41,21.2,8.3,3.2,8,40.1,1.4,3.7,38.9,0.4,0.6,71.4,0.3,2.1,2.4,1.3,0.9,0.6,0.3,1.5,14.7,1,0,-1.5,770610,0.000154122
178,Marko Jaric,MIN,29,75,20,55,29.2,8.3,3,7,43,0.6,1.7,36.2,1.6,2.2,74.2,0.5,2.5,3,4.1,1.7,1.3,0.4,2.4,21.5,3,0,-4.8,6050000,0.00121
179,Brandon Bass,DAL,23,79,48,31,19.7,8.3,3.1,6.2,49.9,0,0.1,0,2.1,2.5,82.2,1.5,2.9,4.4,0.7,1,0.3,0.6,1.9,16.3,3,0,-0.5,770610,0.000154122
180,Thaddeus Young,PHI,20,74,38,36,21,8.2,3.6,6.6,53.9,0.1,0.3,31.6,1,1.4,73.8,1.6,2.6,4.2,0.8,0.9,1,0.1,1.7,16.9,0,0,2.5,1830720,0.000366144
181,Josh Boone,NJN,23,70,29,41,25.3,8.2,3.4,6.2,54.8,0,0,0,1.4,3.1,45.6,2.7,4.5,7.3,0.8,1,0.5,0.9,2.2,21.3,13,0,-2.2,1133040,0.000226608
182,Marquis Daniels,IND,27,74,36,38,20.9,8.2,3.3,7.6,43,0.4,1.4,26.5,1.3,1.9,69.8,0.9,2,2.9,1.9,1.5,1.1,0.2,1.6,16.8,0,0,0.1,6373900,0.00127478
183,Matt Harpring,UTA,32,76,50,26,18.1,8.2,3.1,6.2,50,0,0.1,20,1.9,2.7,71.2,1.3,1.9,3.2,1.1,1.3,0.6,0.2,2.1,14.7,0,0,0.4,6000000,0.0012
184,Carl Landry,HOU,24,42,32,10,16.9,8.1,3.2,5.2,61.6,0,0,0,1.7,2.6,66.1,2.3,2.6,4.9,0.5,0.6,0.4,0.2,2.3,15.9,1,0,2.3,427163,8.54E-05
185,Quentin Richardson,NYK,28,65,20,45,28.3,8.1,3.1,8.5,35.9,1.1,3.3,32.2,0.9,1.4,68.2,0.9,4,4.8,1.8,1.1,0.7,0.2,2.4,18.3,1,0,-4.7,8105500,0.0016211
186,Keyon Dooling,ORL,28,72,45,27,18.5,8.1,2.8,5.9,46.8,0.3,0.9,33.8,2.3,2.7,84.5,0.1,1.3,1.4,1.8,0.8,0.5,0.1,1.8,13.4,0,0,1.6,3596000,0.0007192
187,Paul Millsap,UTA,23,82,54,28,20.8,8.1,3.1,6.1,50.4,0,0,0,1.9,2.8,67.7,2,3.6,5.6,1,1.1,0.9,0.9,3.3,20.5,4,0,2.7,687456,0.0001374912
188,Ramon Sessions,MIL,22,17,2,15,26.4,8.1,3,6.9,43.6,0.2,0.4,42.9,1.9,2.4,78,0.5,2.9,3.4,7.5,2.1,1,0.2,1.5,24.8,3,0,-2.6,427163,8.54E-05
189,Jannero Pargo,NOH,28,80,54,26,18.7,8.1,3.2,8.2,39,0.8,2.3,34.9,0.9,1,87.7,0.3,1.3,1.6,2.4,1.2,0.6,0.1,1.5,14.5,0,0,0.8,1830000,0.000366
190,Antoine Walker,MIN,31,46,10,36,19.4,8,3,8.2,36.3,1.3,4.1,32.4,0.8,1.4,53,1.2,2.4,3.7,1,1,0.7,0.2,1.7,15.5,1,0,-1.8,8329640,0.001665928
190,Morris Peterson,NOH,30,76,52,24,23.6,8,2.8,6.8,41.7,1.5,3.8,39.4,0.9,1.1,76.5,0.5,2.2,2.7,0.9,0.5,0.6,0.1,1.6,14.2,0,0,2.8,5000000,0.001
192,James Jones,POR,27,58,33,25,22,8,2.5,5.6,43.7,1.6,3.5,44.4,1.5,1.7,87.8,0.7,2,2.8,0.6,0.5,0.4,0.3,1.7,13.7,0,0,0.7,2900000,0.00058
193,Leon Powe,BOS,24,56,46,10,14.5,7.9,2.8,4.8,57.2,0,0,0,2.4,3.4,71,1.7,2.4,4.1,0.3,0.8,0.3,0.3,2.3,14.1,5,0,1.8,687456,0.0001374912
194,Jason Maxiell,DET,25,82,59,23,21.6,7.9,2.9,5.4,53.8,0,0,0,2.1,3.3,63.3,2.2,3.1,5.3,0.6,0.9,0.3,1.1,2.2,18.5,4,0,2.5,1041360,0.000208272
195,Dorell Wright,MIA,22,44,7,37,25.1,7.9,3.3,6.7,48.8,0.1,0.3,36.4,1.3,1.6,82.6,1.1,3.9,5,1.4,0.7,0.7,0.9,1.8,20,4,0,-3.5,2040746,0.0004081492
196,Nazr Mohammed,CHA,30,82,39,43,20.1,7.8,3.3,6.4,51.5,0,0,0,1.2,2,58.3,2.4,3.7,6,0.9,1.2,0.5,0.7,2.8,18.9,11,0,-2.6,5632200,0.00112644
197,Anthony Carter,DEN,33,70,42,28,28,7.8,3.1,6.8,45.8,0.6,1.8,34.9,0.9,1.2,75.3,0.4,2.5,2.9,5.5,1.8,1.5,0.4,2.5,23.5,4,0,0,770610,0.000154122
198,Rasho Nesterovic,TOR,32,71,35,36,20.9,7.8,3.6,6.6,55,0,0,33.3,0.5,0.7,75.5,1.8,3,4.8,1.2,0.8,0.3,0.7,1.9,17.5,5,0,0.8,7840000,0.001568
199,Chris Quinn,MIA,24,60,11,49,22.3,7.8,2.6,6.2,42.4,1.1,2.7,40.3,1.4,1.6,86.7,0.2,1.8,2,3,0.9,0.8,0.1,1.5,16.1,0,0,-2.7,687456,0.0001374912
200,Bobby Jackson,HOU,35,72,52,20,19.3,7.7,2.8,7,40.3,1.1,3.1,35.8,0.9,1.1,79,0.5,2.1,2.5,1.9,0.8,0.6,0.1,1.3,14.9,0,0,2.1,5670000,0.001134
201,Rodney Stuckey,DET,22,57,41,16,19,7.6,2.7,6.7,40.1,0.1,0.3,18.8,2.2,2.7,81.4,0.6,1.7,2.3,2.8,1.4,0.9,0.1,2,16.1,0,0,1,1569600,0.00031392
202,Kasib Powell,MIA,27,11,3,8,27.7,7.6,3.2,8.6,36.8,0.7,3,24.2,0.5,0.8,66.7,0.7,3.3,4,1.6,0.5,0.8,0.2,1.6,17.4,0,0,-6.5,36395,7.28E-06
203,Luther Head,HOU,25,73,46,27,18.9,7.6,2.8,6.5,43.2,1.1,3.1,35.1,0.9,1.1,81.5,0.2,1.6,1.8,1.9,1,0.6,0.1,1,13.9,0,0,1.8,1122000,0.0002244
204,Fred Jones,NYK,29,70,18,52,25.1,7.6,2.6,6.2,42.1,1.1,2.7,38.5,1.3,1.8,74.6,0.4,2,2.4,2.4,1.1,0.7,0.3,2,15.8,0,0,-3.7,3300000,0.00066
205,Bobby Simmons,MIL,28,70,24,46,21.7,7.6,3,7.1,42.1,0.9,2.4,35.1,0.8,1,75.7,1,2.3,3.2,1.1,1.1,0.7,0.1,2,14.4,0,0,-3.1,9280000,0.001856
206,Charlie Bell,MIL,29,68,24,44,23.9,7.6,2.7,7.1,38.1,1.1,3.2,34.1,1,1.3,80.5,0.5,2,2.5,3.1,1.1,0.8,0,1.8,16.4,0,0,-3.7,3106000,0.0006212
207,Andray Blatche,WAS,21,82,43,39,20.4,7.5,3.1,6.5,47.4,0,0.2,23.1,1.3,1.9,69.5,2,3.2,5.2,1.1,1.4,0.6,1.4,3.1,20.2,9,0,-2.9,2479339,0.0004958678
208,Devin Brown,CLE,29,78,44,34,22.6,7.5,2.8,6.8,40.9,0.6,1.9,30.8,1.4,1.8,75.4,0.8,2.5,3.4,2.2,1.3,0.7,0.1,1.8,15.9,2,0,-0.6,1200000,0.00024
209,Eddie House,BOS,30,78,62,16,19,7.5,2.8,6.8,40.9,1.5,3.8,39.3,0.4,0.5,91.7,0.2,1.9,2.1,1.9,1,0.8,0.1,1.5,14.7,0,0,3.6,1500000,0.0003
210,Nick Young,WAS,23,75,36,39,15.4,7.5,2.8,6.4,43.9,0.5,1.3,40,1.3,1.7,81.5,0.3,1.2,1.5,0.8,1.3,0.5,0.1,1.7,11,0,0,-2.4,1491240,0.000298248
211,Sasha Pavlovic,CLE,24,51,28,23,23.3,7.4,2.9,7.9,36.2,0.7,2.2,29.8,1,1.5,68.8,0.7,1.8,2.5,1.6,1.1,0.6,0.1,2.3,13.8,0,0,-1.1,4250000,0.00085
212,James Posey,BOS,31,74,60,14,24.6,7.4,2.3,5.6,41.8,1.4,3.8,38,1.3,1.6,80.9,0.4,3.9,4.4,1.5,0.9,1,0.3,2.5,17.7,1,0,2.6,3206000,0.0006412
213,Wilson Chandler,NYK,21,35,8,27,19.6,7.3,3,6.9,43.8,0.3,0.9,30,1,1.5,63,1.1,2.5,3.6,0.9,0.8,0.4,0.5,2.4,14.9,1,0,-2.7,1091640,0.000218328
214,Kirk Snyder,MIN,25,36,14,22,21.1,7.3,2.7,5.3,50.8,0.1,0.6,21.7,1.8,2.4,72.7,0.8,2.7,3.5,1.8,1.4,0.6,0.4,1.5,15.6,1,0,-1.3,2358433,0.0004716866
215,Luke Walton,LAL,28,74,51,23,23.4,7.2,2.9,6.5,45,0.4,1.1,33.3,1,1.5,70.6,1.1,2.8,3.9,2.9,1.4,0.8,0.2,1.8,18.2,0,0,3,4000000,0.0008
216,Darko Milicic,MEM,23,70,19,51,23.8,7.2,3.1,7.1,43.8,0,0,0,1,1.7,55.4,1.8,4.2,6.1,0.8,1.4,0.5,1.6,2.6,20.5,11,0,-4.2,6500000,0.0013
217,Jason Kapono,TOR,27,81,40,41,18.9,7.2,3,6.1,48.8,0.7,1.5,48.3,0.5,0.5,86,0.4,1.1,1.5,0.8,0.7,0.4,0,1.6,10.8,0,0,0.2,5356000,0.0010712
218,Mickael Pietrus,GSW,26,66,40,26,19.9,7.2,2.6,5.9,43.9,1,2.8,36.1,1,1.5,67.3,1,2.7,3.7,0.7,0.7,1,0.7,3,16.9,3,0,0.3,3470771,0.0006941542
219,Brent Barry,SAS,36,31,22,9,17.9,7.1,2.5,5.2,48.1,1.5,3.6,42.9,0.6,0.6,95,0.4,1.4,1.8,1.7,0.6,0.5,0.1,1.4,13.2,0,0,2,172177,3.44E-05
220,Earl Barron,MIA,26,46,8,38,19.3,7.1,2.9,7.1,40.4,0,0.3,7.7,1.3,1.9,70.1,1.5,2.8,4.3,0.6,1,0.4,0.2,2.5,13.9,0,0,-4.6,973328,0.0001946656
221,Kendrick Perkins,BOS,23,78,62,16,24.5,6.9,2.7,4.5,61.5,0,0,0,1.5,2.3,62.3,1.9,4.2,6.1,1.1,1.6,0.4,1.5,3.1,19.8,5,0,6.4,4480912,0.0008961824
222,Carlos Arroyo,ORL,28,62,40,22,20.5,6.9,2.5,5.6,45.1,0.5,1.4,34.5,1.4,1.6,85.3,0.2,1.7,1.8,3.5,1.2,0.4,0,1.4,14.5,0,0,2.2,4000000,0.0008
223,Travis Diener,IND,26,66,28,38,20.5,6.9,2.4,6.5,37,1.1,3.5,31.8,1,1.1,90.1,0.4,1.3,1.7,3.8,0.8,0.5,0.1,1.6,15.6,1,0,-0.8,1500000,0.0003
224,Channing Frye,POR,25,78,40,38,17.2,6.8,2.8,5.8,48.8,0,0.1,30,1.1,1.4,78,1.4,3.2,4.5,0.7,0.7,0.4,0.3,2.7,14.8,3,0,0.6,2487240,0.000497448
225,Tyrus Thomas,CHI,21,74,27,47,18,6.8,2.5,5.9,42.3,0,0.1,16.7,1.7,2.4,74.1,1.4,3.2,4.6,1.2,1,0.6,1,2.3,18,6,0,-0.4,3505320,0.000701064
226,Jarvis Hayes,DET,26,82,59,23,15.7,6.7,2.6,6.1,43.1,0.9,2.4,37.6,0.5,0.7,75,0.4,1.7,2.2,0.8,0.6,0.6,0.1,1.7,11.8,0,0,1.1,1200000,0.00024
227,Thabo Sefolosha,CHI,24,69,27,42,20.8,6.7,2.6,6.1,42.8,0.4,1.3,33,1.1,1.5,72.1,0.7,3,3.7,1.9,1.3,0.9,0.4,1.9,16.6,3,0,-1.5,1805160,0.000361032
228,Shawne Williams,IND,22,65,25,40,14.9,6.7,2.4,5.7,42.7,0.7,2.1,31.4,1.2,1.6,71.7,0.8,1.9,2.7,0.9,0.9,0.4,0.4,2,12.8,1,0,-0.7,1470360,0.000294072
229,Anderson Varejao,CLE,25,48,28,20,27.5,6.7,2.8,6.1,46.1,0,0,0,1,1.7,59.8,2.8,5.5,8.3,1.1,1.2,0.8,0.5,2.8,21,6,0,1.6,5356000,0.0010712
230,Matt Barnes,GSW,28,73,42,31,19.4,6.7,2.6,6.1,42.3,0.7,2.5,29.3,0.8,1.1,74.7,1.3,3.2,4.4,1.9,1.2,0.7,0.5,2.2,17.1,2,0,0,3000000,0.0006
231,Marcus Banks,MIA,26,36,21,15,15.8,6.6,2.4,5.3,45,1.1,2.8,39.2,0.8,1,77.1,0.1,1.1,1.3,1.7,1,0.4,0.4,1.8,11.9,0,0,-2.5,3966207,0.0007932414
232,Nenad Krstic,NJN,24,45,17,28,18,6.6,2.7,6.7,41,0,0,0,1.2,1.5,75.4,0.8,3.7,4.4,0.6,0.9,0.2,0.4,2.5,13.7,3,0,-1.8,1889760,0.000377952
233,Ronny Turiaf,LAL,25,78,53,25,18.7,6.6,2.4,5.1,47.4,0,0,0,1.8,2.4,75.3,1.2,2.7,3.9,1.6,0.9,0.4,1.4,2.6,18.1,0,0,1.7,770610,0.000154122
234,Joakim Noah,CHI,23,74,31,43,20.7,6.6,2.4,5,48.2,0,0,0,1.8,2.6,69.1,2.4,3.3,5.6,1.1,1.2,0.9,0.9,2.3,19.2,8,0,-0.4,2135400,0.00042708
235,Tony Allen,BOS,26,75,61,14,18.3,6.6,2.3,5.2,43.4,0.2,0.8,31.6,1.8,2.4,76.2,0.5,1.8,2.2,1.5,1.5,0.8,0.3,2.2,13.4,0,0,2.9,1868141,0.0003736282
236,Damon Jones,CLE,31,67,35,32,19.9,6.5,2.3,5.4,41.6,1.7,4.1,41.7,0.3,0.4,71.4,0.1,1,1.1,1.9,0.5,0.3,0,1,11,0,0,0.9,4172432,0.0008344864
237,Luke Ridnour,SEA,27,61,14,47,20,6.4,2.4,6,39.9,0.3,1.2,29.6,1.3,1.5,85.7,0.2,1.3,1.5,4,1.3,0.6,0.2,2,15.4,1,0,-2.7,6500000,0.0013
238,Jeff Foster,IND,31,77,34,43,24.5,6.4,2.7,4.8,55,0,0,0,1.1,1.9,59.3,3.4,5.2,8.7,1.7,0.8,0.7,0.4,2.9,22,10,0,-0.5,5500000,0.0011
239,Kurt Thomas,SAS,35,70,32,38,22.6,6.3,2.8,5.7,49.2,0,0,0,0.8,1.1,66.3,1.9,5.4,7.2,1,0.7,0.8,0.8,2.7,20.6,4,0,-1,8091188,0.0016182376
240,Antoine Wright,DAL,24,56,26,30,22,6.3,2.4,5.9,41.3,0.6,2,29.1,0.8,1.2,68.7,0.7,1.9,2.6,1.4,0.9,0.5,0.4,2.3,13.3,0,0,-3.2,1680600,0.00033612
241,Darius Songaila,WAS,30,80,42,38,19.4,6.2,2.7,5.8,45.8,0,0,0,0.8,0.9,91.8,1,2.4,3.4,1.7,1.1,0.7,0.2,2.3,14.3,0,0,0.3,3942000,0.0007884
242,Stromile Swift,NJN,28,56,20,36,15.1,6.1,2.4,4.7,50.9,0,0,0,1.3,1.9,67,1.1,2.4,3.6,0.5,0.9,0.3,1,2,13.9,1,0,-1.4,5800000,0.00116
243,Erick Dampier,DAL,32,72,44,28,24.4,6.1,2.5,3.8,64.3,0,0,0,1.2,2,57.5,2.9,4.6,7.5,0.9,1.1,0.3,1.5,3.1,20.7,6,0,2.3,10590500,0.0021181
244,Johan Petro,SEA,22,72,18,54,18.2,6,2.6,6.1,41.9,0,0,0,0.9,1.2,73.6,1.4,3.8,5.1,0.4,1,0.5,0.6,2.4,15,3,0,-4,1077120,0.000215424
245,Bruce Bowen,SAS,37,81,56,25,30.2,6,2.1,5.3,40.7,1.1,2.7,41.9,0.6,0.9,65.2,0.4,2.5,2.9,1.1,0.6,0.7,0.3,2.2,13.4,0,0,2.5,4125000,0.000825
246,Alonzo Mourning,MIA,38,25,7,18,15.6,6,2.1,3.8,54.7,0,0,0,1.8,3,59.2,1.4,2.4,3.7,0.3,1,0.2,1.7,2.2,15.4,1,0,-1,2762500,0.0005525
247,Eduardo Najera,DEN,31,78,48,30,21.3,5.9,2.2,4.7,47.3,0.7,1.9,36.1,0.8,1.1,70.8,1.4,2.9,4.3,1.2,0.8,0.9,0.5,2.6,16.4,0,0,4,4952380,0.000990476
248,Marcus Williams,NJN,22,53,21,32,16.1,5.9,2.1,5.5,37.9,1,2.7,38,0.7,0.9,78.7,0.3,1.6,1.9,2.6,1.4,0.5,0.1,1,12.3,0,0,-3.5,1180200,0.00023604
248,Marcus Williams,NJN,22,53,21,32,16.1,5.9,2.1,5.5,37.9,1,2.7,38,0.7,0.9,78.7,0.3,1.6,1.9,2.6,1.4,0.5,0.1,1,12.3,0,0,-3.5,50254,1.01E-05
249,Smush Parker,LAC,27,28,3,25,21.2,5.9,2.3,6.6,34.8,0.6,2.8,23.1,0.7,1,67.9,0.1,1.7,1.8,3,1.6,0.9,0.2,2.1,14.2,0,0,-3.7,181320,3.63E-05
250,Rodney Carney,PHI,24,70,36,34,14.8,5.8,2.3,5.6,40.3,0.5,1.7,31.7,0.8,1.2,67.9,0.7,1.4,2.1,0.5,0.5,0.6,0.3,1.4,11.3,0,0,0.3,1547760,0.000309552
251,Blake Ahearn,MIA,24,12,1,11,14.8,5.8,1.3,4.8,26.3,0.8,2.8,29.4,2.5,2.6,96.8,0.1,1.5,1.6,1.6,1.3,0.5,0,1.7,10.3,0,0,-6.3,67844,1.36E-05
251,Chris Duhon,CHI,25,66,25,41,22.6,5.8,2,5.2,38.7,0.8,2.3,34.8,1,1.2,81.3,0.3,1.5,1.8,4,1.1,0.7,0,1.4,15.1,1,0,-1,3248000,0.0006496
253,Corey Brewer,MIN,22,79,21,58,22.8,5.8,2.3,6.2,37.4,0.1,0.5,19.4,1.1,1.4,80,1,2.7,3.7,1.4,1.1,1,0.3,2.4,15.1,0,0,-4.1,2535720,0.000507144
254,Gordan Giricek,PHX,31,56,32,24,14.8,5.8,2.4,5.4,44,0.6,1.8,36.4,0.4,0.5,88.5,0.3,1.4,1.7,1.1,0.9,0.4,0.1,1.5,10.1,0,0,0.9,199452,3.99E-05
255,Tyronn Lue,DAL,31,50,21,29,14.7,5.8,2.3,5.1,44.7,0.8,1.7,45.3,0.5,0.6,78.1,0.2,0.9,1.1,1.5,0.5,0.2,0,1.3,9.5,0,0,0,199452,3.99E-05
256,Ime Udoka,SAS,30,73,50,23,18,5.8,2.2,5.1,42.4,0.8,2.3,37,0.6,0.8,75.9,0.5,2.6,3.1,0.9,0.8,0.8,0.2,1.7,13,1,0,2.2,1000000,0.0002
257,Jared Dudley,CHA,22,73,29,44,19,5.8,2.2,4.8,46.8,0.1,0.6,22,1.2,1.6,73.7,1.7,2.3,3.9,1.1,0.7,0.8,0.1,1.8,14.1,4,0,-0.6,1137000,0.0002274
258,Salim Stoudamire,ATL,25,35,12,23,11.5,5.7,1.9,5.1,36.1,0.8,2.4,34.1,1.2,1.4,82,0.1,0.6,0.7,0.8,0.6,0.2,0.1,1,8.2,0,0,-0.8,783000,0.0001566
259,Kris Humphries,TOR,23,70,38,32,13.2,5.7,2.3,4.8,48.3,0,0,0,1.1,1.8,60.5,1.3,2.4,3.7,0.4,0.7,0.4,0.4,1.5,12.3,2,0,-0.6,2522913,0.0005045826
260,Luke Jackson,MIA,26,14,1,13,16.3,5.6,1.9,5.7,32.5,0.8,2.1,36.7,1.1,1.6,69.6,0.5,1.9,2.4,1.2,0.6,0.6,0,1.6,11.4,0,0,-1.3,,
261,Anthony Johnson,SAC,33,69,32,37,22.2,5.6,2.2,5.1,43.7,0.6,1.3,45.2,0.5,0.6,81.4,0.3,1.7,2,3.8,1.2,0.8,0.1,1.7,15.1,4,0,-1.5,2860000,0.000572
262,Sean Williams,NJN,21,73,28,45,17.5,5.6,2.2,4.2,53.8,0,0,0,1.1,1.8,60.9,1.6,2.8,4.4,0.4,1,0.4,1.5,2.6,16,2,0,-2.5,1416600,0.00028332
263,Ike Diogu,IND,24,30,12,18,10.2,5.6,2.1,4.5,47.8,0,0,0,1.3,1.6,85.1,1.3,1.6,2.8,0.3,0.7,0.2,0.1,1.4,9.8,0,0,-1.7,2286360,0.000457272
264,Royal Ivey,MIL,26,75,22,53,19.2,5.6,2,5,39.4,0.5,1.4,32.7,1.1,1.6,72.6,0.5,1.1,1.6,2.1,1,0.6,0.1,2.2,11.7,0,0,-3.5,770610,0.000154122
265,Javaris Crittenton,MEM,20,50,25,25,13.6,5.6,2,4.7,42.1,0.2,0.7,27,1.4,2.1,69.2,0.5,1.7,2.2,1,1.1,0.4,0,0.9,9.9,0,0,-0.8,1285200,0.00025704
266,Josh Powell,LAC,25,64,16,48,19.2,5.5,2.3,4.9,46,0,0,0,1,1.4,72.4,1.8,3.4,5.2,0.7,1,0.2,0.4,2,13.5,6,0,-5,800000,0.00016
267,Steve Francis,HOU,31,10,5,5,19.9,5.5,1.9,5.7,33.3,0.4,1.7,23.5,1.3,2.3,56.5,0.8,1.5,2.3,3,1.4,0.9,0.5,2.5,15.6,0,0,-0.5,2439333,0.0004878666
268,Trevor Ariza,LAL,23,35,27,8,15.6,5.5,2,3.9,50.7,0.1,0.5,27.8,1.4,2.1,65.3,0.9,2.2,3.1,1.3,0.7,0.9,0.3,1.3,14,1,0,0.5,3100000,0.00062
269,Shannon Brown,CHI,22,21,5,16,11.4,5.4,2.1,6,34.9,0.4,1.4,30,0.8,1.4,58.6,0.3,0.7,1,0.8,1.1,0.5,0.1,1.4,8.6,0,0,-3.8,1044120,0.000208824
270,Nene,DEN,25,16,9,7,16.6,5.3,1.8,4.4,40.8,0,0.1,0,1.7,3.1,55.1,1.9,3.6,5.4,0.9,1.3,0.6,0.9,2.9,16.2,0,0,0.3,,
271,Damon Stoudamire,SAS,34,60,31,29,17.3,5.3,2,5.6,35.6,0.8,2.5,33.6,0.5,0.6,79.4,0.3,1.6,2,2.8,1.3,0.5,0,1.3,12,0,0,-1.5,335442,6.71E-05
272,Dan Dickau,LAC,29,67,15,52,15.5,5.3,1.9,4.4,41.9,0.5,1.6,33.3,1,1.2,82.9,0.2,1.3,1.4,2.6,0.8,0.5,0,1.6,11.6,0,0,-1,770610,0.000154122
273,Thomas Gardner,CHI,23,4,1,3,11.2,5.3,2.3,5.8,39.1,0.8,3,25,0,0.5,0,0.8,0.3,1,0.3,1,0,0,1,5.8,0,0,-2.3,427163,8.54E-05
274,Reggie Evans,PHI,28,81,40,41,23.2,5.2,1.9,4.3,43.9,0,0,100,1.5,3.2,46.7,2.8,4.8,7.5,0.8,1.3,1.1,0.1,2.6,17.7,4,0,-0.9,4320000,0.000864
275,Zaza Pachulia,ATL,24,62,28,34,15.2,5.2,1.7,4,43.7,0,0,0,1.7,2.5,70.6,1.4,2.6,4,0.6,1.1,0.4,0.2,2.3,11.5,2,0,-0.8,4000000,0.0008
276,Stephane Lasme,MIA,25,16,3,13,19,5.2,2,4.4,45.1,0,0,0,1.2,2,59.4,1.6,1.7,3.3,0.2,0.9,0.8,1.4,2.2,15.1,0,0,-2.3,67844,1.36E-05
277,Aaron Brooks,HOU,23,51,36,15,11.9,5.2,1.8,4.4,41.3,0.7,2.1,33,0.8,1,85.7,0.3,0.8,1.1,1.7,0.9,0.3,0.1,1.4,9.2,0,0,-0.1,972720,0.000194544
278,Earl Boykins,CHA,32,36,14,22,16,5.1,1.7,4.8,35.5,0.4,1.2,31.8,1.4,1.6,83.1,0.3,0.7,0.9,2.7,1.1,0.4,0,0.6,10.2,0,0,-2.4,349041,6.98E-05
279,Gerald Green,HOU,22,30,5,25,12,5.1,1.7,5,34.4,0.5,1.3,38.5,1.1,1.4,82.9,0.4,1.7,2.1,1,1.1,0.3,0.1,1.5,9.2,0,0,-1.4,1440960,0.000288192
279,Ruben Patterson,LAC,32,20,8,12,16.3,5.1,2,4.3,45.3,0,0.1,0,1.2,2.2,55.8,1.2,2,3.2,0.9,1.4,1.1,0.4,1.9,13.1,1,0,-1.7,770610,0.000154122
281,Mike James,NOH,33,54,28,26,13.3,5,1.9,5.4,34.8,0.6,1.8,32,0.7,0.9,81.3,0.3,1,1.3,1.1,0.7,0.4,0,1,8.8,0,0,-0.8,5826893,0.0011653786
282,Derek Anderson,CHA,33,28,3,25,14.1,5,1.7,4.5,37.6,0.7,1.9,36.5,1,1.4,73.7,0.3,1.5,1.9,1.6,0.9,0.4,0,1.8,10.1,0,0,-3.8,770610,0.000154122
283,Juan Dixon,DET,29,53,32,21,12.6,5,2,4.9,41.1,0.6,1.4,41.7,0.4,0.5,80.8,0.3,1.1,1.4,1.8,1,0.4,0,1.2,9.7,0,0,1.6,2550000,0.00051
284,Cj Miles,UTA,21,60,38,22,11.5,5,1.9,3.9,47.9,0.5,1.3,39,0.7,0.9,78.8,0.3,1,1.3,0.9,0.5,0.5,0.1,1.6,9.4,0,0,2,945610,0.000189122
285,Rasual Butler,NOH,29,51,37,14,17.2,4.9,1.8,5.1,35,0.9,2.6,33.1,0.5,0.6,83.9,0.3,1.6,2,0.7,0.2,0.3,0.4,1.3,10.3,0,0,0.9,3315000,0.000663
286,Kwame Brown,MEM,26,38,18,20,18.8,4.8,1.9,3.7,50.7,0,0,0,1.1,2.6,40.8,1.3,3.6,4.9,1.2,1.3,0.6,0.6,2.2,14.8,2,0,-1.8,9379279,0.0018758558
287,Fabricio Oberto,SAS,33,82,56,26,20,4.8,2.2,3.6,60.8,0,0,0,0.5,0.7,60.7,1.9,3.4,5.2,1.2,0.6,0.5,0.2,2.5,14.3,4,0,0.7,3500000,0.0007
288,Ben Wallace,CLE,33,72,31,41,30.6,4.8,1.9,4.9,39.2,0,0.1,0,1,2.3,42.6,3.3,5.1,8.4,1.5,0.9,1.2,1.6,1.7,24.7,4,0,-1.8,15500000,0.0031
289,Joel Przybilla,POR,28,77,38,39,23.6,4.8,1.9,3.2,57.6,0,0,0,1.1,1.6,68,2.5,5.9,8.4,0.4,1.2,0.2,1.2,3,18.4,4,0,-1.3,5762575,0.001152515
290,Matt Bonner,SAS,28,68,45,23,12.5,4.8,1.8,4.3,41.6,0.7,2,33.6,0.6,0.6,86.4,0.8,2,2.8,0.5,0.6,0.2,0.3,1.6,9.7,2,0,1.2,2700000,0.00054
291,Quincy Douby,SAC,24,74,32,42,11.8,4.8,1.8,4.5,39.4,0.6,1.6,34.4,0.6,0.7,92.3,0.2,0.9,1.1,0.7,0.8,0.4,0.2,1.1,8.1,0,0,-1.9,1333920,0.000266784
292,Chucky Atkins,DEN,33,24,15,9,14.7,4.7,1.8,5.1,34.4,1,3.3,31.6,0.2,0.4,44.4,0.1,1.2,1.3,2,0.4,0.4,0,1.1,10,0,0,-0.5,3000000,0.0006
293,Spencer Hawes,SAC,20,71,33,38,13.1,4.7,2.1,4.5,45.9,0.1,0.3,19,0.5,0.8,65.5,1,2.3,3.2,0.6,0.8,0.2,0.6,1.8,11,2,0,-1.4,2028600,0.00040572
294,Richie Frahm,LAC,30,10,2,8,16.3,4.7,2,5.4,37,0.7,2.5,28,0,0.2,0,0.4,1,1.4,0.8,0.6,0.2,0,0.7,7.6,0,0,0.3,566625,0.000113325
295,Brian Cook,ORL,27,51,33,18,12.3,4.7,1.7,4.6,37.6,0.8,2.3,37.4,0.4,0.4,90.5,0.5,1.6,2.1,0.5,0.8,0.3,0.2,1.8,8.7,0,0,0.2,3500000,0.0007
296,Malik Allen,DAL,30,73,34,39,15,4.6,2.2,4.5,48,0,0,50,0.3,0.3,92,0.9,1.8,2.7,0.6,0.6,0.3,0.4,2,10.2,0,0,-0.5,770610,0.000154122
297,Brevin Knight,LAC,32,74,22,52,22.6,4.6,1.9,4.6,40.4,0,0.1,0,0.8,1,87.3,0.2,1.7,1.9,4.4,1,1.4,0.1,2.2,17.1,1,0,-4.5,1600000,0.00032
298,Glen Davis,BOS,22,69,56,13,13.6,4.5,1.6,3.2,48.4,0,0,0,1.4,2.2,66,1.4,1.6,3,0.4,0.9,0.4,0.3,2.3,10,0,0,1.5,427163,8.54E-05
299,Jeff Mcinnis,CHA,33,54,19,35,26.1,4.5,2,4.6,43.4,0.1,0.4,15.8,0.4,0.6,76.7,0.3,1.5,1.8,4.1,1.4,0.4,0.1,2.2,12.8,0,0,-4.1,770610,0.000154122
300,Jason Smith,PHI,22,76,38,38,14.6,4.5,1.9,4.1,45.5,0.1,0.2,28.6,0.7,1.1,65.9,1,2,3,0.3,0.6,0.3,0.7,1.9,10.7,0,0,0.5,1233840,0.000246768
301,J.J. Barea,DAL,24,44,27,17,10.5,4.3,1.6,3.9,41.8,0.5,1.2,38.9,0.6,0.8,80,0.1,1,1.1,1.3,0.8,0.3,0,1.1,7.8,0,0,1.2,687456,0.0001374912
302,Mickael Gelabale,SEA,25,39,8,31,11.9,4.3,1.8,4,43.9,0.4,0.9,43.2,0.4,0.5,77.8,0.4,1.1,1.5,0.8,0.7,0.3,0.2,0.8,8.1,0,0,-0.9,802000,0.0001604
303,Aaron Gray,CHI,23,61,23,38,10,4.3,1.7,3.3,50.5,0,0,0,0.9,1.6,56.6,1.1,1.6,2.8,0.7,0.9,0.3,0.3,1.9,9.5,2,0,-0.3,427163,8.54E-05
304,Theo Ratliff,DET,35,26,13,13,16.8,4.3,1.6,3.3,48.2,0,0,0,1.1,1.7,67.4,1.2,2.2,3.4,0.5,0.8,0.3,1.4,2.3,13.5,0,0,0.1,199452,3.99E-05
305,Acie Law,ATL,23,56,25,31,15.5,4.2,1.7,4.2,40.1,0.1,0.6,20.6,0.7,0.9,79.2,0.2,0.8,1,2,1,0.5,0,1.3,9,0,0,-2.1,1927080,0.000385416
306,David Harrison,IND,25,55,26,29,12.8,4.2,1.6,3.1,52.9,0,0,0,0.9,1.7,51,0.8,1.4,2.1,0.3,1.1,0.4,1.1,3,10.4,0,0,-0.1,1734316,0.0003468632
307,Alexander Johnson,MIA,25,43,4,39,12.8,4.2,1.4,2.9,48.8,0,0,0,1.3,1.9,68.7,0.7,1.4,2.2,0.3,1,0.3,0.2,1.9,7.9,1,0,-2.8,,
308,Jacque Vaughn,SAS,33,74,49,25,15.4,4.1,1.6,3.8,42.8,0,0.1,30,0.8,1.1,76.3,0.2,0.8,1,2.1,0.7,0.3,0,1.3,8.8,0,0,0.4,1219590,0.000243918
309,Jj Redick,ORL,24,34,22,12,8.1,4.1,1.4,3.2,44.4,0.5,1.3,39.5,0.8,1,79.4,0,0.6,0.7,0.5,0.4,0.1,0,0.9,5.5,0,0,-0.4,2000160,0.000400032
310,Nick Fazekas,LAC,23,26,5,21,10.3,4.1,1.8,3.2,56.1,0,0.1,0,0.6,0.8,68.2,1.3,2.1,3.4,0.4,0.5,0.3,0.4,1,10.6,0,0,0.5,125636,2.51E-05
311,Quinton Ross,LAC,27,76,22,54,19.8,4.1,1.7,4.4,39.1,0.1,0.3,42.9,0.5,0.8,66.7,0.7,1.6,2.3,1.2,0.4,0.6,0.4,1.7,11.2,0,0,-4.3,826046,0.0001652092
312,Greg Buckner,MIN,31,31,5,26,16.8,4,1.5,3.8,38.5,0.5,1.6,30,0.6,0.7,86.4,0.3,1.8,2.1,1.3,0.9,0.7,0.1,2,9.7,0,0,-4.5,3750746,0.0007501492
313,Shelden Williams,SAC,24,64,29,35,12.1,4,1.4,3.3,43.4,0,0,0,1.1,1.6,67.6,1.1,2.1,3.2,0.3,0.5,0.3,0.3,1.7,9.7,2,0,-0.5,3174240,0.000634848
314,Brandan Wright,GSW,20,38,22,16,9.9,4,1.6,2.9,55.4,0,0,0,0.7,1.1,67.5,1,1.6,2.6,0.2,0.3,0.2,0.6,0.9,9.3,0,0,-0.7,2323080,0.000464616
315,Andre Owens,IND,27,31,12,19,12.6,4,1.3,3.5,37.4,0.6,1.3,45,0.8,1.1,73.5,0.4,1.1,1.5,1.5,0.8,0.4,0.1,1.2,8.8,0,0,-0.5,687456,0.0001374912
316,Stephen Graham,IND,26,22,6,16,5.8,4,1.5,2.6,58.6,0.3,0.6,50,0.5,0.7,75,0.2,0.8,1,0.4,0.5,0.2,0,0.6,6,0,0,0.5,770610,0.000154122
317,Austin Croshere,GSW,33,44,26,18,10.4,3.9,1.4,3.1,44.5,0.5,1.4,36.1,0.7,0.7,90.6,0.8,1.6,2.4,0.7,0.5,0.2,0.1,1.4,8.2,0,0,0.1,770610,0.000154122
318,Julian Wright,NOH,21,57,39,18,11.2,3.9,1.6,3,53.3,0.2,0.4,41.7,0.6,0.9,63.5,0.6,1.5,2.1,0.7,0.6,0.5,0.2,0.8,9,0,0,0.3,1739160,0.000347832
319,Chris Webber,GSW,35,9,6,3,14,3.9,1.7,3.4,48.4,0,0,0,0.6,1.3,41.7,0.2,3.3,3.6,2,1.2,0.4,0.7,1.9,13.3,0,0,-2.3,358107,7.16E-05
320,Melvin Ely,NOH,30,52,35,17,11.9,3.9,1.6,3.5,47.2,0,0,0,0.6,1.1,55.2,0.5,2.3,2.8,0.4,0.8,0.1,0.3,1.5,8.5,1,0,1.6,895341,0.0001790682
321,Steve Novak,HOU,25,35,27,8,7.5,3.9,1.4,2.9,48,1,2,47.9,0.1,0.1,75,0.1,0.9,1,0.2,0.1,0.1,0.1,0.5,5.6,0,0,-0.7,687456,0.0001374912
322,Ira Newble,LAL,33,49,27,22,14.2,3.8,1.6,3.6,43.7,0.3,1,32.7,0.4,0.5,76.9,1,1.6,2.6,0.4,0.7,0.6,0.2,1.4,9,0,0,-4,122391,2.45E-05
323,Bobby Jones,DEN,24,47,25,22,11.3,3.8,1.3,3,42.9,0.4,1.1,34,0.9,1.1,78.4,0.6,1.3,2,0.6,0.6,0.3,0.1,1.8,7.6,1,0,-1.6,24263,4.85E-06
324,Donyell Marshall,SEA,35,26,6,20,13.1,3.8,1.2,3.8,32.7,0.6,2,28.3,0.7,0.8,86.4,0.9,2,2.9,0.4,0.6,0.2,0.6,1.2,9.8,0,0,-4,5566965,0.001113393
325,Anfernee Hardaway,MIA,36,16,4,12,20.3,3.8,1.4,3.8,36.7,0.5,1.2,42.1,0.5,0.6,88.9,0.2,2,2.2,2.2,0.8,1.2,0.1,1.5,12.6,0,0,-2,770610,0.000154122
326,Eddie Jones,DAL,36,47,31,16,19.6,3.7,1.4,3.8,36.7,0.7,2.5,29.3,0.2,0.3,71.4,0.4,2.4,2.8,1.5,0.6,0.6,0.2,1.5,10.9,0,0,2.4,1830000,0.000366
327,Ronnie Price,UTA,25,61,43,18,9.6,3.7,1.4,3.3,43.1,0.4,1.2,34.7,0.4,0.6,68.4,0.1,0.6,0.8,1.3,0.5,0.5,0,1.4,7.8,0,0,2.6,1100000,0.00022
328,C.J. Watson,GSW,24,32,20,12,11.5,3.7,1.3,3.2,42.6,0.3,0.8,34.6,0.7,0.9,79.3,0.4,0.6,1,1.1,0.6,0.5,0,0.6,7.4,0,0,0.3,251272,5.03E-05
329,Jared Jeffries,NYK,26,73,20,53,18.1,3.7,1.5,3.7,40,0.1,0.3,16,0.7,1.3,52.7,1.6,1.7,3.3,0.9,0.9,0.5,0.3,1.8,10.6,1,0,-1,5632200,0.00112644
330,Arron Afflalo,DET,22,75,55,20,12.9,3.7,1.3,3.2,41.1,0.1,0.6,20.8,0.9,1.2,78.2,0.5,1.3,1.8,0.7,0.5,0.4,0.1,1.1,8,0,0,1.6,944520,0.000188904
331,Alando Tucker,PHX,24,6,6,0,8,3.7,1.3,3.7,36.4,0.2,0.7,25,0.8,1,83.3,0.7,0.7,1.3,0,0,0,0.2,0.3,5.8,0,0,-1,931920,0.000186384
332,Devean George,DAL,30,53,30,23,15.5,3.7,1.4,3.9,35.7,0.4,1.3,32.4,0.5,0.6,70.6,0.5,2.1,2.6,0.7,0.5,0.4,0.2,1.7,9.1,0,0,-0.6,2369111,0.0004738222
333,Mike Harris,HOU,25,17,11,6,9.4,3.6,1.6,3.2,50,0,0.1,0,0.5,0.8,61.5,1.4,1.8,3.2,0.2,0.5,0.4,0.2,0.9,8.8,0,0,0.8,100509,2.01E-05
334,Tarence Kinsey,MEM,24,11,4,7,8.7,3.6,1.5,3.5,42.1,0.3,0.6,42.9,0.5,0.5,83.3,0.3,0.8,1.1,0.2,0.3,0.3,0,1,5.8,0,0,0.3,687456,0.0001374912
335,Joey Graham,TOR,26,38,23,15,8.7,3.6,1.3,3,43.4,0.1,0.1,66.7,1,1.2,84.4,0.5,1.3,1.8,0.4,0.6,0.1,0,1.2,6,0,0,-0.3,1596600,0.00031932
336,Oleksiy Pecherov,WAS,22,35,18,17,9.1,3.6,1.3,3.6,35.2,0.5,1.7,28.3,0.6,0.9,64.5,0.6,1.3,1.9,0.2,0.5,0.2,0.1,0.9,6.6,1,0,-1.9,1345800,0.00026916
337,Chris Mihm,LAL,28,23,14,9,12.1,3.6,1.4,4.1,33.7,0,0,0,0.8,1.2,66.7,1.2,2.1,3.3,0.6,0.7,0.2,0.6,1.8,10,1,0,-0.9,2500000,0.0005
338,Amir Johnson,DET,21,62,49,13,12.3,3.6,1.5,2.7,55.8,0,0,0,0.6,0.9,67.3,1.4,2.4,3.8,0.5,0.6,0.4,1.3,2.3,13.3,0,0,2.9,3666667,0.0007333334
339,Viktor Khryapa,CHI,25,9,3,6,11.6,3.6,1.3,3.4,38.7,0,0.1,0,0.9,1.6,57.1,0.7,1.6,2.2,0.9,0.7,0.7,0,1.2,8.9,0,0,1.7,,
340,Joel Anthony,MIA,25,24,5,19,20.8,3.5,1.2,2.5,46.7,0,0,0,1.2,2,59.2,1.6,2.3,3.9,0.1,0.7,0.4,1.3,2.3,12.7,0,0,-5.6,,
341,Awvee Storey,MIL,31,26,4,22,9.9,3.5,1.5,3.4,43.8,0,0.3,0,0.5,1.1,48.3,1.2,0.9,2.1,0.6,0.4,0.3,0,1.6,7.5,0,0,-2.2,770610,0.000154122
342,Ian Mahinmi,SAS,21,6,6,0,3.8,3.5,1,2,50,0,0,0,1.5,1.5,100,0,0.8,0.8,0.2,0.3,0,0.7,0.7,6.4,0,0,-2.3,625840,0.000125168
343,Malik Rose,NYK,33,49,11,38,10.1,3.5,1.3,3.7,36.7,0,0.1,28.6,0.8,1,72.5,0.6,1.5,2.1,0.6,0.8,0.3,0.1,1.6,7.5,0,0,-1,7101250,0.00142025
344,Renaldo Balkman,NYK,23,65,21,44,14.6,3.4,1.4,2.9,48.9,0,0.2,8.3,0.6,1.5,43.2,1.3,2,3.3,0.6,0.6,0.7,0.5,2,11.2,1,0,-1.5,1280640,0.000256128
345,Dermarr Johnson,SAS,28,5,3,2,5.5,3.4,1.4,2.8,50,0.6,1.8,33.3,0,0.4,0,0,0.2,0.2,0.2,0,0.2,0,0.8,4.5,0,0,-0.4,27198,5.44E-06
345,Walter Herrmann,DET,29,45,27,18,8.3,3.4,1.2,3.2,38.9,0.4,1.4,31.3,0.5,0.6,84,0.5,1.1,1.6,0.4,0.3,0.2,0,0.5,6.2,0,0,-0.4,,
347,Brian Cardinal,MEM,31,37,7,30,11.9,3.4,1.2,3.4,34.1,0.7,2.2,30.9,0.4,0.5,68.4,0.7,1.9,2.6,0.6,0.6,0.3,0.1,1.7,7.7,0,0,0.3,5850000,0.00117
348,Francisco Elson,SEA,32,63,35,28,12.9,3.3,1.5,3.7,39,0,0,0,0.4,0.6,70.3,0.8,2.4,3.2,0.4,0.7,0.2,0.3,1.5,8.6,1,0,-1.9,3000000,0.0006
349,Brian Skinner,PHX,32,66,47,19,12.8,3.3,1.4,3,46.5,0,0,66.7,0.5,1,52.4,1,2.7,3.6,0.2,0.6,0.3,1.2,1.7,11.9,0,0,-1,770610,0.000154122
350,Dahntay Jones,SAC,27,25,11,14,8.2,3.2,0.9,2.1,43.4,0,0.2,16.7,1.4,2,66.7,0.3,1.1,1.4,0.5,0.4,0.3,0.2,1.1,6.9,0,0,-0.4,584757,0.0001169514
351,Jermareo Davidson,CHA,23,38,12,26,8.5,3.2,1.3,3.3,40.8,0,0,0,0.5,0.7,64.3,0.6,1.1,1.6,0.3,0.4,0.2,0.4,1.2,6.9,0,0,-1.8,427163,8.54E-05
352,Dan Gadzuric,MIL,30,51,16,35,10.5,3.2,1.3,3,41.6,0,0,0,0.6,1.2,52.4,1.3,1.5,2.8,0.2,0.7,0.4,0.5,1.6,8.8,0,0,-1.6,5751130,0.001150226
353,Mardy Collins,NYK,23,46,12,34,13.8,3.2,1.2,3.8,32.6,0.2,0.7,25,0.5,0.8,60.5,0.4,1.2,1.6,1.9,1.2,0.5,0.2,1.2,8.9,0,0,-3,967320,0.000193464
354,Jorge Garbajosa,TOR,30,7,4,3,10.5,3.1,1.1,3.6,32,0.9,2.3,37.5,0,0,0,0.3,1.9,2.1,0.4,0.1,0.4,0,0.3,7.5,0,0,-1.6,4000000,0.0008
355,Randolph Morris,NYK,22,18,4,14,10,3.1,1.2,3.2,36.2,0,0,0,0.8,1.6,48.3,0.7,1.4,2.1,0.1,0.5,0.2,0.1,2.1,6.2,0,0,-6.6,810000,0.000162
355,Troy Hudson,GSW,32,9,5,4,10.4,3.1,1,3.4,29,0.4,1.3,33.3,0.7,0.7,100,0,0.8,0.8,1,0.8,0.3,0,0.4,5.8,0,0,-1.3,,
357,Sean Marks,PHX,32,19,16,3,6.8,3.1,1.2,2.3,53.5,0.1,0.2,25,0.6,1,63.2,0.5,1.4,1.9,0.2,0.4,0.2,0.5,1.2,7.3,1,0,-3.4,770610,0.000154122
358,Andre Brown,MEM,27,33,8,25,8.7,3,1.2,2.4,50,0,0,0,0.7,1.5,44.9,1.1,1.7,2.8,0.2,0.4,0.2,0.1,1.2,7.3,2,0,-1.8,770610,0.000154122
359,Dikembe Mutombo,HOU,42,39,26,13,15.9,3,1.1,2.1,53.8,0,0,0,0.8,1.2,71.1,1.7,3.4,5.1,0.1,0.4,0.3,1.2,1.4,13.4,1,0,1.3,770610,0.000154122
360,Chuck Hayes,HOU,25,79,52,27,19.9,3,1.4,2.8,51.1,0,0,0,0.1,0.3,45.8,1.7,3.7,5.4,1.2,0.8,1.1,0.5,2.7,15.3,0,0,2.6,1750000,0.00035
360,Marcin Gortat,ORL,24,6,6,0,6.8,3,1.3,2.8,47.1,0,0,0,0.3,0.5,66.7,1.3,1.3,2.7,0.3,0.3,0.2,0.2,0.7,7.4,1,0,0,427163,8.54E-05
362,Darius Washington,SAS,22,18,13,5,8.1,2.9,1.2,2.7,43.8,0.2,0.7,33.3,0.4,0.7,53.8,0.2,0.9,1.1,0.8,0.8,0.3,0,0.9,5.6,0,0,0,,
363,Jason Hart,UTA,30,57,36,21,10.6,2.9,1,3.2,32.2,0.2,0.5,35.5,0.7,0.8,84.4,0.1,0.9,1,1.5,0.5,0.5,0.1,1.3,7.6,0,0,0.8,2300000,0.00046
364,Marco Belinelli,GSW,22,33,15,18,7.3,2.9,1.1,2.8,38.7,0.5,1.2,39,0.2,0.3,77.8,0.1,0.3,0.4,0.5,0.4,0.2,0,0.5,4.2,0,0,-1.2,1345800,0.00026916
365,Desagana Diop,NJN,26,79,44,35,16.4,2.9,1.2,2.3,52.2,0,0,0,0.5,0.9,54.3,2,2.9,5,0.5,0.7,0.3,1.1,1.8,13.2,1,0,0.8,2146000,0.0004292
366,Yakhouba Diawara,DEN,25,54,34,20,10,2.8,1,2.5,41,0.4,1.2,31.8,0.4,0.6,71,0.4,0.7,1.1,0.7,0.3,0.1,0.1,1.1,5.6,0,0,0.3,687456,0.0001374912
367,Hilton Armstrong,NOH,23,65,43,22,11.3,2.7,1,2.3,45.3,0,0,0,0.7,1.1,62.9,1,1.5,2.5,0.4,0.9,0.2,0.5,2,7.6,0,0,-0.6,1900200,0.00038004
368,Maceo Baston,TOR,32,15,7,8,6.9,2.7,1.1,1.7,68,0,0,0,0.5,0.7,70,0.6,1.1,1.7,0.2,0.3,0.1,0.3,1.3,6,0,0,-0.2,1830000,0.000366
368,Mike Wilks,SEA,29,15,6,9,12.5,2.7,1.1,2.4,47.2,0.2,0.5,37.5,0.3,0.3,100,0.3,0.9,1.3,0.9,0.6,0.6,0,0.9,6.9,0,0,-1.1,,
370,Eddie Gill,SEA,29,14,6,8,10.9,2.7,0.9,2.2,38.7,0.4,1.1,33.3,0.6,0.6,100,0.1,1.5,1.6,1.6,0.6,0.5,0.1,1.3,8.2,0,0,-2.5,693549,0.0001387098
371,Linton Johnson,TOR,28,8,3,5,7.9,2.6,1.1,2.4,47.4,0.1,0.4,33.3,0.3,0.3,100,0.6,1.1,1.8,0.5,0.6,0,0.1,1.4,5.2,0,0,-1.5,4533,9.07E-07
372,Sergio Rodriguez,POR,22,72,36,36,8.7,2.5,1,2.7,35.2,0.2,0.8,29.3,0.3,0.5,65.8,0.2,0.6,0.8,1.7,0.7,0.3,0,0.8,6.3,0,0,-1.4,,
373,Robert Horry,SAS,37,45,26,19,12.9,2.5,0.8,2.6,31.9,0.4,1.6,25.7,0.4,0.6,64.3,0.8,1.6,2.4,1,0.5,0.5,0.4,1.2,9.1,0,0,0.3,3630000,0.000726
374,Darrell Armstrong,NJN,40,50,22,28,11,2.5,0.8,2.2,36.4,0.5,1.4,33.3,0.4,0.6,66.7,0.3,1,1.3,1.5,0.8,0.6,0,1.1,7.2,0,0,-2.3,770610,0.000154122
375,Paul Davis,LAC,23,22,8,14,8.8,2.5,1.1,3,36.9,0,0,0,0.3,0.5,60,1.1,1,2.1,0.5,0.4,0.3,0.3,1.5,6.9,0,0,-3.6,687456,0.0001374912
376,Ryan Hollins,CHA,23,60,23,37,8.9,2.5,0.8,1.6,48.9,0,0,0,0.9,1.4,67.1,0.9,0.9,1.8,0.2,0.4,0.2,0.5,1.6,6.5,0,0,-0.6,687456,0.0001374912
377,Eric Piatkowski,PHX,37,16,15,1,7,2.4,0.8,2.1,36.4,0.7,1.6,42.3,0.3,0.3,100,0.1,0.7,0.8,0.6,0.4,0,0.1,0.7,4.1,0,0,-2.1,1219590,0.000243918
378,Lindsey Hunter,DET,37,24,21,3,9,2.4,0.9,2.7,34.4,0.3,1.1,26.9,0.3,0.4,77.8,0.2,0.4,0.5,1.4,0.5,0.5,0.1,1.3,6.5,0,0,0.7,2250000,0.00045
379,Michael Doleac,MIN,31,24,5,19,10.7,2.4,1.2,2.6,44.4,0,0,0,0,0.1,50,0.7,1.4,2,0.3,0.5,0.4,0.4,1.8,7.3,0,0,-1.3,3120000,0.000624
380,Mouhamed Sene,SEA,22,13,1,12,4.8,2.3,0.8,1.8,45.8,0,0,0,0.6,1.3,47.1,0.5,0.7,1.2,0.1,0,0,0.5,0.7,5.5,0,0,-0.7,2105520,0.000421104
381,Aaron Williams,LAC,36,30,9,21,9.9,2.3,0.9,1.8,49.1,0,0,0,0.5,0.6,77.8,0.5,1.5,2,0.3,0.4,0.4,0.5,1.5,7.4,0,0,-3.3,1890000,0.000378
382,Primoz Brezec,TOR,28,50,28,22,9.5,2.2,0.9,1.9,46.8,0,0,0,0.5,0.8,60,0.6,1,1.6,0.2,0.5,0.1,0.1,1.7,4.6,0,0,-1,2750000,0.00055
383,Jake Voskuhl,MIL,30,44,9,35,8.8,2.2,0.8,1.8,46.3,0,0,0,0.5,0.7,82.8,0.7,1.5,2.2,0.3,0.7,0.2,0.5,1.9,6.7,0,0,-1.8,3000000,0.0006
384,Dj Strawberry,PHX,23,33,23,10,8.2,2.2,0.9,2.8,31.5,0.2,0.8,24,0.3,0.6,47.4,0.3,0.6,0.8,0.9,0.3,0.4,0.2,1.1,5.9,0,0,-1.2,,
385,P.J. Brown,BOS,38,18,16,2,11.6,2.2,0.8,2.3,34.1,0,0.1,0,0.6,0.9,68.8,1.6,2.2,3.8,0.6,0.6,0.3,0.4,1.6,9.1,0,0,-0.2,226650,4.53E-05
386,Marcus Vinicius,NOH,24,13,12,1,5.3,2.2,0.7,1.5,45,0.4,0.9,41.7,0.4,0.8,45.5,0.1,0.5,0.6,0.2,0.2,0.1,0.1,0.3,3.4,0,0,0.3,,
387,Ryan Bowen,NOH,32,53,36,17,12.4,2.2,0.9,1.9,49,0,0,0,0.3,0.5,55.2,1,0.8,1.9,0.5,0.3,0.6,0.2,1.5,7.3,0,0,0.5,770610,0.000154122
388,Gabe Pruitt,BOS,22,15,13,2,6.3,2.1,0.9,2.6,35.9,0.2,0.8,25,0.1,0.1,50,0.1,0.5,0.5,0.9,0.3,0.3,0,0.7,4.7,0,0,-0.9,650000,0.00013
389,Pat Garrity,ORL,31,31,24,7,9.2,2.1,0.9,2.6,33.8,0.3,1.2,21.6,0.1,0.2,80,0.3,1.1,1.4,0.4,0.5,0.2,0,1.1,4.6,0,0,0.1,3818750,0.00076375
390,Othella Harrington,CHA,34,22,8,14,7.6,2.1,0.8,1.9,42.9,0,0,0,0.5,0.7,62.5,0.5,1.4,1.9,0.2,0.5,0,0.2,1.5,4.8,0,0,0.9,2376000,0.0004752
391,Steven Hunter,DEN,26,19,13,6,6.3,2.1,0.8,1.5,53.6,0,0,0,0.5,1.1,45,0.5,1,1.5,0,0.4,0,0.3,1.1,4.5,0,0,-1.2,3638600,0.00072772
392,Casey Jacobsen,MEM,27,53,15,38,10.3,2,0.7,2.2,33.9,0.3,1.4,22.2,0.2,0.3,76.5,0.2,1,1.2,0.4,0.3,0.1,0,0.6,4.1,0,0,0.5,770610,0.000154122
393,Bo Outlaw,ORL,37,2,2,0,3.3,2,1,1.5,66.7,0,0,0,0,0,0,0,0,0,0,0.5,0,0,0.5,1.5,0,0,-2,,
393,Jerome James,NYK,32,2,0,2,2.3,2,0.5,0.5,100,0,0,0,1,1,100,0,1.5,1.5,0,0,0,0,0,3.8,0,0,3,5800000,0.00116
395,Michael Ruffin,MIL,31,46,12,34,13.7,2,0.7,1.3,53.2,0,0,0,0.5,1.4,39.7,2,2.1,4,0.5,0.4,0.7,0.4,2,10.5,1,0,-0.7,770610,0.000154122
396,Dj Mbenga,LAL,27,42,32,10,7.8,2,0.9,2,46.4,0,0,0,0.1,0.3,41.7,0.7,1,1.7,0.2,0.3,0.2,0.6,1.7,6.5,0,0,0,,
397,Maurice Ager,NJN,24,26,14,12,6.3,2,0.8,2.5,32.3,0.1,0.7,15.8,0.2,0.5,50,0.2,0.3,0.5,0.3,0.2,0,0,0.7,2.9,0,0,-1.5,974400,0.00019488
398,Trenton Hassell,NJN,29,63,33,30,12.3,2,0.9,2.1,42.2,0,0.1,22.2,0.1,0.2,70,0.3,1,1.3,0.7,0.3,0.2,0,1.4,4.9,0,0,-2.3,4350000,0.00087
399,Adonal Foyle,ORL,33,82,52,30,9.4,1.9,0.9,1.9,45.8,0,0,0,0.2,0.4,47.1,0.9,1.7,2.5,0.2,0.4,0.2,0.5,1.1,7.1,0,0,-0.2,1219590,0.000243918
400,Jason Collins,MEM,29,74,28,46,15.8,1.9,0.7,1.5,46.9,0,0,0,0.5,1,45.9,0.9,1.5,2.4,0.3,0.6,0.3,0.3,2.6,6.6,0,0,-2.1,6100000,0.00122
401,Chris Richard,MIN,23,52,14,38,10.7,1.9,0.8,1.7,47.1,0,0,0,0.3,0.5,59.3,1,1.6,2.6,0.3,0.5,0.2,0.2,1.6,6.3,0,0,-0.5,427163,8.54E-05
402,Adrian Griffin,SEA,33,35,10,25,8.8,1.9,0.9,2.2,39.5,0,0,0,0.1,0.3,55.6,0.8,0.9,1.7,0.8,0.6,0.5,0.1,0.8,6.1,0,0,0.3,1593000,0.0003186
403,Brian Scalabrine,BOS,30,48,40,8,10.7,1.8,0.6,2,30.9,0.3,1,32.6,0.3,0.4,75,0.5,1.2,1.6,0.8,0.5,0.2,0.2,1.3,5.6,0,0,1,3000000,0.0006
404,Jamaal Magloire,DAL,30,31,16,15,9.2,1.8,0.6,1.8,32.7,0,0,0,0.6,1.4,45.5,0.6,2.3,2.9,0.2,1,0,0.3,1.6,5.7,0,0,-0.4,231183,4.62E-05
405,Scot Pollard,BOS,33,22,17,5,7.9,1.8,0.5,1,52.2,0,0,0,0.7,1,68.2,0.6,1,1.7,0.1,0.2,0.1,0.3,2,5,0,0,0.6,770610,0.000154122
406,Coby Karl,LAL,25,17,16,1,4.2,1.8,0.5,1.5,34.6,0.2,0.8,30.8,0.5,0.6,80,0.2,0.6,0.8,0.5,0.3,0.2,0.1,0.2,4.3,0,0,0.5,427163,8.54E-05
407,Cheikh Samb,DET,23,4,2,2,7.8,1.8,0.8,1,75,0,0,0,0.3,0.5,50,0.8,1,1.8,0,0.3,0.3,0.5,2,5.9,0,0,0.8,427163,8.54E-05
407,Kevin Ollie,PHI,35,40,20,20,7.5,1.8,0.7,1.7,42,0,0,0,0.3,0.4,80,0.1,0.4,0.5,1,0.1,0.3,0,0.7,4.4,0,0,1.2,3441900,0.00068838
407,Robert Swift,SEA,22,8,1,7,12.2,1.8,0.8,2.1,35.3,0,0,0,0.3,0.3,100,0.8,1.5,2.3,0.1,1.3,0.6,0.8,2,7.5,0,0,-5.3,2601113,0.0005202226
410,Jarron Collins,UTA,29,70,46,24,10,1.7,0.5,1.2,43.9,0,0,0,0.7,1.1,62.2,0.6,1.1,1.7,0.5,0.3,0.1,0.1,1.5,4.8,0,0,1.6,2350000,0.00047
411,Raef Lafrentz,POR,32,39,18,21,7.5,1.7,0.7,1.6,44.3,0,0.1,0,0.3,0.5,57.9,0.7,1,1.7,0.2,0.3,0.3,0.4,1.5,5.9,0,0,-0.7,12440787,0.0024881574
411,Shareef Abdur-Rahim,SAC,31,6,2,4,8.4,1.7,0.5,2.3,21.4,0,0,0,0.7,0.7,100,1,0.7,1.7,0.7,0.2,0.2,0,1.5,5,0,0,0,5800000,0.00116
413,James Augustine,ORL,24,25,16,9,6,1.6,0.7,1.4,52.9,0,0,0,0.2,0.3,50,0.6,0.6,1.2,0.1,0.2,0.2,0.1,0.7,3.8,0,0,0.4,687456,0.0001374912
414,Darrick Martin,TOR,37,17,10,7,8.3,1.6,0.6,2.5,23.3,0.1,0.9,12.5,0.3,0.4,83.3,0.2,0.2,0.4,1.2,0.1,0.4,0,0.7,4.9,0,0,2.8,770610,0.000154122
414,Taurean Green,DEN,21,17,8,9,4.3,1.6,0.4,1.5,28,0.1,0.6,18.2,0.6,0.7,91.7,0,0.6,0.6,0.6,0.5,0.1,0,0.3,3.1,0,0,0.3,427163,8.54E-05
416,Von Wafer,POR,22,29,16,13,5.3,1.6,0.6,2.1,27.9,0.1,0.9,15.4,0.3,0.4,66.7,0,0.6,0.7,0.2,0.4,0.1,0.1,0.2,2.8,0,0,-0.2,770610,0.000154122
417,Kyrylo Fesenko,UTA,21,9,4,5,7.8,1.6,0.7,1.8,37.5,0,0,0,0.2,0.4,50,1.6,1.2,2.8,0.2,0.9,0,0.3,2.1,5.3,0,0,-0.1,750000,0.00015
418,Jeremy Richardson,ATL,24,27,12,15,4.9,1.5,0.6,1.6,36.4,0.3,0.7,36.8,0.1,0.1,100,0,0.3,0.3,0.1,0.2,0.1,0,0.5,2.1,0,0,-2,238588,4.77E-05
419,Andre Barrett,LAC,26,4,0,4,6.3,1.5,0.5,1.3,40,0.3,0.8,33.3,0.3,0.5,50,0,0.3,0.3,1.8,0.3,0,0,0.3,4.2,0,0,-4.3,,
419,Josh Mcroberts,POR,21,8,3,5,3.5,1.5,0.8,1.3,60,0,0.1,0,0,0,0,0.3,1,1.3,0.3,0.3,0.1,0,0.1,3.5,0,0,1.9,427163,8.54E-05
421,Justin Williams,HOU,24,23,11,12,5.3,1.5,0.6,1.3,44.8,0,0,0,0.3,1.1,30.8,0.9,1.3,2.1,0,0.2,0.2,0.2,0.7,5.2,0,0,-0.5,862456,0.0001724912
422,Patrick O'Bryant,GSW,22,24,12,12,4.1,1.5,0.7,1.2,55.2,0,0,0,0.1,0.2,60,0.4,0.8,1.2,0.2,0.3,0.2,0.4,1.1,4.5,0,0,-1.2,2216400,0.00044328
423,Morris Almond,UTA,23,9,9,0,4.4,1.4,0.4,1.7,26.7,0.1,0.4,25,0.4,0.7,66.7,0,0.2,0.2,0.3,0.2,0.1,0,0.6,2.3,0,0,-1.4,1005960,0.000201192
424,Kosta Perovic,GSW,23,7,4,3,5.4,1.4,0.4,1.4,30,0,0,0,0.6,0.9,66.7,0.9,1,1.9,0.1,0.1,0,0.3,0.9,4.6,0,0,0.6,1800000,0.00036
425,Dwayne Jones,CLE,25,56,31,25,8.4,1.4,0.4,0.8,53.2,0,0,0,0.5,1,48.3,1.2,1.3,2.5,0.2,0.3,0.2,0.4,1.6,6.2,0,0,-0.8,,
426,Kenny Thomas,SAC,30,23,8,15,12.2,1.4,0.7,1.7,42.1,0,0,0,0,0.2,0,0.8,1.9,2.7,0.6,0.9,0.3,0,1.7,5.4,0,0,-3.6,7875000,0.001575
427,Darryl Watkins,SAC,23,9,2,7,7.9,1.3,0.6,1.7,33.3,0,0,0,0.2,0.6,40,0.6,0.8,1.3,0,0.8,0.2,0.2,0.9,3.5,0,0,-1.9,427163,8.54E-05
428,Dominic Mcguire,WAS,22,70,35,35,9.9,1.3,0.6,1.5,37.9,0,0.1,16.7,0.2,0.5,43.8,0.8,1.2,2,0.6,0.6,0.3,0.4,1.1,6,0,0,-2.9,427163,8.54E-05
429,Billy Thomas,CLE,32,11,7,4,3.8,1.3,0.4,1.5,23.5,0.4,1.5,25,0.2,0.2,100,0,0.2,0.2,0,0.4,0.1,0,0.4,1.4,0,0,-0.3,4533,9.07E-07
430,Chris Andersen,NOH,29,5,4,1,6.8,1.2,0.4,1.4,28.6,0,0,0,0.4,0.8,50,0.4,1.4,1.8,0,0.2,0,0.8,1.2,5.6,0,0,1,885294,0.0001770588
431,Juwan Howard,DAL,35,50,28,22,7,1.1,0.5,1.3,35.9,0,0,0,0.2,0.3,78.6,0.4,1.2,1.6,0.3,0.3,0.1,0,1.2,3.7,0,0,-1,761544,0.0001523088
432,Lou Amundson,PHI,25,16,7,9,4,1.1,0.5,1,50,0,0,0,0.1,0.4,28.6,0.4,0.3,0.8,0,0.1,0.1,0.1,0.8,2.3,0,0,0.1,687456,0.0001374912
433,Demetris Nichols,CHI,23,14,5,9,3.2,1.1,0.4,1.6,26.1,0.2,0.9,23.1,0,0,0,0,0.4,0.4,0.1,0.3,0,0.2,0.3,2,0,0,-1.4,427163,8.54E-05
434,Eric Snow,CLE,35,22,10,12,13.9,1,0.3,1.7,15.8,0,0.1,0,0.5,1,45.5,0.2,0.7,0.9,1.9,0.5,0.5,0.2,1.4,6.4,0,0,-3.3,6703125,0.001340625
434,Keith Langford,SAS,24,2,1,1,4.8,1,0.5,2,25,0,0,0,0,0,0,0,1,1,0,0,0,0,0.5,2.2,0,0,3.5,278912,5.58E-05
434,Lance Allred,CLE,27,3,0,3,3.4,1,0.3,1.3,25,0,0,0,0.3,0.7,50,0,0.3,0.3,0,0,0,0,0.3,1.4,0,0,-4.3,87945,1.76E-05
434,Solomon Jones,ATL,23,35,13,22,4.1,1,0.3,0.9,40,0,0.1,0,0.3,0.6,55,0.5,0.7,1.2,0,0.3,0.1,0.1,0.8,2.8,0,0,-1.1,729000,0.0001458
438,Mario West,ATL,24,64,31,33,4.2,0.9,0.3,0.8,42.9,0,0.1,0,0.3,0.4,65.4,0.4,0.3,0.8,0.2,0.1,0.2,0.1,1,2.7,0,0,-0.7,427163,8.54E-05
439,Marcus Williams,LAC,21,11,3,8,3.3,0.9,0.5,1.8,25,0,0,0,0,0,0,0.4,0.7,1.1,0.3,0,0.1,0.1,0.3,3.2,0,0,-0.1,1180200,0.00023604
439,Marcus Williams,LAC,21,11,3,8,3.3,0.9,0.5,1.8,25,0,0,0,0,0,0,0.4,0.7,1.1,0.3,0,0.1,0.1,0.3,3.2,0,0,-0.1,50254,1.01E-05
440,Shavlik Randolph,PHI,24,9,3,6,3.1,0.9,0.4,1.6,28.6,0,0,0,0,0,0,1,0.2,1.2,0.3,0.2,0.1,0.3,0.6,4,0,0,1.6,1130000,0.000226
441,Loren Woods,HOU,30,7,4,3,2.4,0.9,0.4,0.7,60,0,0,0,0,0,0,0,0.1,0.1,0.3,0,0,0,0.3,1.5,0,0,1.3,142201,2.84E-05
441,Orien Greene,SAC,26,7,2,5,8.7,0.9,0.4,1.6,27.3,0,0.1,0,0,0,0,0,0.9,0.9,0.4,1,0.4,0.1,1.3,3.2,0,0,-2.9,770610,0.000154122
443,Guillermo Diaz,LAC,23,6,2,4,3,0.8,0.2,0.7,25,0,0.2,0,0.5,0.8,60,0.3,0,0.3,0.2,0,0,0,0,1.5,0,0,0.7,,
443,Lorenzen Wright,SAC,32,18,8,10,8.9,0.8,0.3,1.2,28.6,0,0,0,0.2,0.3,50,0.4,1.7,2.1,0.2,0.2,0.2,0.2,1.7,4.5,0,0,-0.7,3250000,0.00065
445,Ronald Dupree,SEA,27,5,1,4,4.2,0.8,0.2,0.6,33.3,0,0,0,0.4,0.4,100,0.2,1.4,1.6,0.2,0,0.2,0,0,3.6,0,0,1.2,63462,1.27E-05
446,Calvin Booth,PHI,32,31,13,18,6.6,0.8,0.3,0.9,33.3,0,0,0,0.2,0.3,60,0.2,1,1.2,0.3,0.1,0.2,0.6,1.1,4.8,0,0,0,1103225,0.000220645
447,Cedric Simmons,CHI,22,14,7,7,6.2,0.6,0.3,1,28.6,0,0,0,0,0.7,0,0.4,0.9,1.3,0,0.4,0.1,0.4,0.6,3.2,0,0,-2.5,1629120,0.000325824
448,Jelani Mccoy,DEN,30,6,2,4,5.5,0.5,0.2,0.2,100,0,0,0,0.2,0.3,50,0.2,1,1.2,0,0.7,0,0.8,1.2,3.7,0,0,-2.3,634620,0.000126924
449,Mark Madsen,MIN,32,20,6,14,7.6,0.5,0.2,1,15.8,0,0,0,0.2,0.6,25,0.9,1,1.9,0.2,0.5,0.2,0.1,1.3,3.3,0,0,0.1,2420000,0.000484
450,Kaniel Dickens,CLE,29,5,4,1,2.4,0.4,0.2,0.6,33.3,0,0,0,0,0,0,0,0.2,0.2,0.2,0,0,0.2,0.2,1.5,0,0,-0.2,,
451,Courtney Sims,IND,24,3,2,1,3.7,0,0,0.3,0,0,0,0,0,0,0,0.3,0.3,0.7,0.3,0,0,0,0.7,1.3,0,0,-0.3,319116,6.38E-05